"","CellSpace-all_peaks","CellSpace-var_tiles","LSI-all_peaks","itLSI_ArchR-var_tiles","chromVAR-motifs","chromVAR-kmers","SIMBA-peaks_kmers_motifs","SIMBA-peaks","SIMBA-batch_corrected","scBasset","scBasset-batch_corrected","PeakVI","PeakVI-batch_corrected"
"SRR5355030",1,2,1,2,1,3,2,2,2,1,1,1,1
"SRR5355896",1,2,4,2,1,6,2,2,2,1,1,9,1
"SRR5354664",2,3,2,1,4,2,1,1,7,3,3,3,3
"SRR3986165",8,8,4,8,1,3,9,9,6,9,5,9,1
"SRR5355015",1,2,1,2,1,3,2,2,2,1,1,1,6
"SRR5355598",6,6,5,6,5,7,6,6,8,7,7,8,6
"SRR5355559",7,7,7,5,5,5,8,8,3,5,4,5,8
"SRR5355139",2,5,2,1,4,2,1,1,1,4,3,4,9
"SRR5354249",2,3,2,1,7,2,1,1,1,4,3,4,2
"SRR5355940",1,2,4,2,1,6,2,2,2,1,1,1,1
"SRR5355935",3,2,1,2,1,6,2,2,6,1,1,1,5
"SRR5355138",2,5,2,1,4,2,1,1,1,4,3,3,9
"SRR5356122",6,4,6,5,5,7,6,6,8,4,4,5,6
"SRR5355616",6,6,5,6,6,7,6,6,9,7,7,8,6
"SRR5355086",3,2,1,2,1,6,2,2,2,1,1,1,6
"SRR5356035",1,2,1,2,1,3,2,2,2,1,1,1,1
"SRR5355212",2,5,2,9,4,2,1,1,5,3,6,3,3
"SRR5356012",1,2,1,2,1,3,2,2,2,1,1,1,1
"SRR5355961",1,2,1,2,1,6,2,2,3,1,1,1,1
"SRR5354241",2,3,2,1,3,2,1,1,1,3,3,3,3
"SRR5354696",2,3,2,1,4,2,1,1,1,4,3,3,2
"SRR5354102",1,2,1,2,1,6,2,2,2,4,1,1,1
"SRR5355155",2,5,2,1,4,8,1,1,5,3,6,3,3
"SRR5354558",1,3,1,2,1,6,2,2,7,1,1,1,5
"SRR5354845",1,2,1,2,1,3,2,2,2,1,1,1,6
"SRR5355897",1,2,1,2,1,3,2,2,3,1,1,1,1
"SRR5354151",3,4,4,1,1,1,5,5,2,1,1,7,1
"SRR5355582",6,6,5,6,6,7,6,6,9,7,7,8,6
"SRR5356120",6,6,5,6,6,7,6,6,3,7,4,8,6
"SRR5354506",1,3,2,1,1,4,1,1,1,4,3,4,2
"SRR5354376",2,3,2,1,7,1,1,1,3,4,3,4,2
"SRR5354182",1,3,2,1,7,1,1,1,3,4,3,7,4
"SRR5355187",2,5,2,1,4,8,1,1,1,3,6,4,9
"SRR5354501",1,2,1,1,1,6,2,2,2,4,9,1,2
"SRR5355670",6,6,5,6,6,7,6,6,8,7,7,8,6
"SRR5356123",1,2,1,2,1,3,2,2,2,1,1,8,1
"SRR5355613",6,6,5,6,6,7,6,6,8,7,7,8,6
"SRR5355901",1,2,1,2,1,6,2,2,2,1,1,1,1
"SRR5355203",2,5,2,9,4,2,1,1,1,3,6,4,9
"SRR5356003",6,2,6,2,6,5,6,6,1,7,7,5,5
"SRR5354707",2,3,2,1,4,2,1,1,7,3,3,3,3
"SRR5354356",2,3,2,1,7,1,1,1,3,4,3,4,2
"SRR5354840",1,2,1,2,1,6,2,2,2,4,1,1,1
"SRR5355652",6,6,5,6,6,7,6,6,9,7,7,8,6
"SRR5356111",6,2,1,2,6,7,2,2,3,1,4,1,5
"SRR5356137",1,2,6,2,5,5,2,2,1,1,4,1,6
"SRR5355364",2,5,2,1,4,8,1,1,5,3,5,3,3
"SRR5353503",3,4,3,3,2,1,3,3,1,2,5,7,2
"SRR5356089",1,2,1,2,1,3,2,2,2,1,1,9,1
"SRR5354259",2,3,2,1,3,2,1,1,1,3,3,4,3
"SRR5355599",6,6,5,6,6,7,6,6,9,7,7,8,6
"SRR5355247",2,5,2,9,4,2,1,1,1,3,6,4,9
"SRR5353758",5,1,4,4,3,4,4,4,7,6,2,6,4
"SRR5356142",6,6,5,6,6,7,6,6,9,7,7,8,6
"SRR5355108",2,5,2,1,4,8,1,1,1,3,6,3,3
"SRR5356037",1,9,1,2,1,3,2,2,2,1,1,1,1
"SRR5355661",6,6,5,6,6,7,6,6,9,7,7,8,6
"SRR5354377",2,3,2,1,7,2,1,1,1,4,3,4,2
"SRR5354364",2,3,2,1,2,1,1,1,1,4,3,3,2
"SRR5355606",6,6,5,6,6,7,6,6,9,7,7,8,6
"SRR5355163",2,3,2,1,4,2,1,1,5,3,3,4,9
"SRR5356130",1,2,1,2,1,3,2,2,2,1,1,1,1
"SRR5355257",2,5,2,9,4,2,1,1,1,3,6,4,9
"SRR3986211",8,8,9,8,1,3,9,9,3,9,5,9,1
"SRR5355667",6,6,5,6,6,7,6,6,9,7,7,8,6
"SRR5354208",2,3,2,1,7,1,1,1,3,4,3,2,4
"SRR5354688",1,3,2,1,1,6,2,2,2,4,4,1,2
"SRR5354347",1,3,2,1,7,1,1,1,1,4,3,4,2
"SRR5355117",2,5,2,1,4,2,1,1,1,3,6,3,2
"SRR5355992",1,2,1,2,1,3,2,2,2,1,1,9,1
"SRR5354630",2,5,2,1,4,2,1,1,7,3,3,3,3
"SRR5356028",1,2,1,2,1,3,2,2,2,1,1,1,1
"SRR5354720",1,3,2,1,7,2,1,1,3,4,3,4,2
"SRR5355591",6,6,5,6,6,7,6,6,9,7,7,8,6
"SRR5355271",2,5,2,9,4,2,1,1,1,3,6,4,9
"SRR5354623",3,4,4,1,3,4,3,2,7,2,2,2,4
"SRR5354565",5,3,3,1,3,1,3,4,4,2,2,2,4
"SRR5355145",2,5,2,1,4,8,1,1,5,3,6,3,3
"SRR5355249",2,5,2,9,4,2,1,1,5,3,6,4,9
"SRR5355630",6,6,5,6,6,7,6,6,2,7,7,8,6
"SRR5355601",6,6,5,6,6,7,6,6,9,7,7,8,6
"SRR5354603",3,4,3,1,1,6,3,2,1,2,9,1,4
"SRR5354539",2,3,2,1,7,2,1,1,1,4,3,4,2
"SRR5354884",1,2,1,2,1,3,2,2,2,1,1,1,1
"SRR5355381",2,5,2,1,4,8,1,1,1,3,3,3,3
"SRR5353947",9,3,4,1,2,1,1,1,7,3,3,3,3
"SRR5355580",6,6,5,6,6,7,6,6,9,7,7,8,6
"SRR5355254",2,5,2,9,4,8,1,1,5,3,6,3,3
"SRR5355162",2,5,2,1,4,2,1,1,1,3,6,3,3
"SRR5356034",1,9,1,2,1,3,2,2,2,1,1,1,1
"SRR5355153",2,3,2,1,4,2,1,1,5,3,6,3,3
"SRR5354057",3,2,4,2,1,6,2,2,3,1,1,1,1
"SRR3986189",8,8,9,8,1,3,9,9,7,9,5,9,1
"SRR5355675",6,6,5,6,6,7,6,6,8,7,7,8,6
"SRR3986103",1,2,8,7,1,3,5,5,2,5,4,7,1
"SRR5354080",1,4,6,5,5,5,4,5,3,4,4,5,5
"SRR5355986",1,2,1,2,1,3,2,2,2,1,1,1,1
"SRR5355215",2,5,2,9,4,2,1,1,1,3,6,4,9
"SRR5354423",2,3,2,1,7,2,1,1,3,3,3,3,2
"SRR5355296",2,5,2,1,4,8,1,1,1,3,5,3,3
"SRR5354396",3,4,1,1,2,1,3,3,1,4,5,7,2
"SRR5355618",6,6,5,6,6,7,6,6,2,7,7,8,6
"SRR5354367",2,3,2,1,7,1,1,1,1,4,3,4,2
"SRR5354652",3,4,1,1,1,4,4,2,1,4,5,7,2
"SRR5356022",3,4,7,5,5,5,5,5,9,5,4,5,5
"SRR5354577",2,3,2,1,4,2,1,1,7,3,3,3,3
"SRR5355123",2,5,2,1,4,8,1,1,5,3,6,3,3
"SRR5354619",2,3,2,1,4,2,1,1,7,3,3,3,3
"SRR5356032",3,9,1,2,1,6,2,2,1,1,1,1,1
"SRR5354373",2,3,2,1,7,2,1,1,2,4,3,7,3
"SRR5355081",1,2,1,2,1,3,2,2,2,1,1,1,6
"SRR5354217",2,3,2,1,7,1,1,1,1,4,3,4,2
"SRR5356091",8,2,1,2,1,3,2,2,2,1,1,9,1
"SRR5355524",7,7,7,5,5,5,8,8,9,8,8,5,8
"SRR5354545",2,3,2,1,4,2,1,1,1,3,3,3,3
"SRR5355047",3,2,1,2,1,6,2,2,7,1,1,5,5
"SRR5355928",1,2,1,2,1,6,2,2,2,1,1,1,1
"SRR5354681",3,4,1,1,1,6,2,2,3,4,4,1,1
"SRR5355115",2,5,2,1,4,8,1,1,5,3,6,3,3
"SRR5354357",2,3,2,1,7,2,1,1,1,4,3,4,2
"SRR5355647",6,6,5,6,6,7,6,6,9,7,7,8,6
"SRR5355122",2,5,2,1,4,8,1,1,5,3,6,3,3
"SRR5354472",2,3,2,1,7,2,1,1,3,4,3,4,2
"SRR5355646",6,6,5,6,6,7,6,6,9,7,7,8,6
"SRR5356121",1,4,1,2,6,7,2,2,6,1,4,1,5
"SRR5353630",7,1,3,3,2,1,3,3,5,2,5,6,2
"SRR5355704",1,6,2,6,5,5,6,6,9,7,7,8,6
"SRR5355604",6,6,5,6,6,7,6,6,9,7,7,8,6
"SRR5355343",2,5,2,1,4,8,1,1,7,3,5,3,3
"SRR5355926",3,4,7,5,5,5,5,5,8,1,4,5,8
"SRR5354335",3,4,1,1,3,6,2,2,1,4,5,1,2
"SRR5355892",1,2,1,2,1,3,2,2,2,1,1,9,1
"SRR5354596",1,3,1,1,2,1,1,2,1,4,5,7,2
"SRR5353393",4,1,3,3,2,1,3,3,1,2,5,2,4
"SRR5356060",1,2,1,2,1,3,2,2,2,1,1,1,1
"SRR5354432",2,3,2,1,7,2,1,1,1,4,3,3,2
"SRR5356066",1,2,1,2,1,3,2,2,3,1,4,5,6
"SRR5356094",1,2,1,2,1,3,2,2,3,1,1,1,1
"SRR5354516",2,3,2,1,4,2,1,1,1,4,3,3,2
"SRR5353658",3,4,3,3,2,1,3,3,1,2,5,7,4
"SRR5355188",2,5,2,1,4,8,1,1,5,3,6,3,3
"SRR5355950",3,2,1,2,5,5,2,2,3,1,4,5,1
"SRR3986207",8,8,9,8,9,3,9,9,3,9,1,9,1
"SRR5355946",1,2,1,2,1,6,2,2,2,1,1,1,1
"SRR5353964",9,5,2,9,3,2,1,1,7,3,3,4,9
"SRR5354699",3,4,4,1,3,4,4,4,1,4,5,7,2
"SRR5354524",2,3,2,1,4,2,1,1,7,3,3,3,3
"SRR5354457",3,4,1,1,3,4,4,2,1,4,5,7,2
"SRR5354404",3,3,8,7,2,1,5,5,3,2,1,7,4
"SRR3986108",4,4,8,7,2,9,5,5,6,5,4,7,5
"SRR5356052",3,9,6,2,5,5,5,5,3,1,4,5,1
"SRR5355210",2,5,2,9,4,2,1,1,3,3,6,4,9
"SRR5355200",2,5,2,9,3,2,1,1,1,3,6,4,9
"SRR5356113",1,2,1,2,1,3,2,2,2,1,1,1,1
"SRR5355931",1,2,1,2,1,6,2,2,2,1,1,1,1
"SRR5354225",3,3,2,1,7,1,1,1,3,4,3,7,2
"SRR5354395",1,3,1,1,1,6,2,2,2,4,4,1,1
"SRR5354355",2,3,2,1,4,2,1,1,1,4,3,4,3
"SRR5354591",5,1,3,1,2,1,3,2,7,2,9,2,4
"SRR5355558",7,7,7,5,5,6,8,8,8,8,8,5,8
"SRR5355571",7,7,7,5,5,5,8,8,8,8,8,5,8
"SRR5354059",1,2,6,5,1,5,2,2,3,4,4,5,1
"SRR5354671",2,3,2,1,7,2,1,1,5,4,3,4,2
"SRR5356154",1,2,1,2,1,3,2,2,2,1,1,1,1
"SRR5355973",1,2,1,2,1,3,2,2,2,1,4,1,1
"SRR5355098",1,2,1,2,1,3,2,2,2,1,1,1,1
"SRR5354277",2,3,2,1,3,2,1,1,1,4,3,4,2
"SRR5354375",2,3,4,1,3,2,1,1,1,4,3,4,9
"SRR5354629",3,3,2,1,4,2,1,1,1,3,3,4,2
"SRR5353998",2,3,4,4,3,4,4,4,1,6,5,4,2
"SRR5354815",5,3,2,1,3,2,1,1,5,4,3,3,3
"SRR5356018",1,2,1,2,1,6,2,2,1,4,4,1,1
"SRR5353539",4,4,3,3,2,1,3,3,1,2,5,2,2
"SRR5355754",6,6,5,6,6,7,6,6,9,7,7,8,6
"SRR5354261",3,3,2,1,3,2,1,1,1,3,3,4,2
"SRR5355225",2,5,2,1,4,2,1,1,5,3,6,3,3
"SRR5354366",2,3,2,1,2,1,1,1,1,4,3,3,2
"SRR5355962",1,2,1,2,1,6,2,2,2,1,1,1,1
"SRR5355266",2,5,2,9,4,2,1,1,2,3,6,4,9
"SRR5354657",3,1,3,3,2,1,3,3,7,2,9,6,7
"SRR5356040",1,9,1,2,1,3,2,2,2,1,1,9,1
"SRR5355135",2,5,2,1,4,8,1,1,1,3,6,3,3
"SRR5355610",6,6,5,6,6,7,6,6,8,7,7,8,6
"SRR5355033",1,2,1,2,1,3,2,2,3,1,1,1,1
"SRR5355205",2,5,2,9,4,2,1,1,2,3,6,4,9
"SRR5355091",1,2,1,2,1,3,2,2,2,1,1,1,1
"SRR5356058",1,2,1,2,1,3,2,2,2,1,1,1,1
"SRR5354599",4,4,3,3,2,1,3,3,1,2,9,2,4
"SRR5355055",1,2,1,2,9,3,2,2,2,1,1,1,1
"SRR5355218",2,5,2,1,4,8,1,1,7,3,6,3,3
"SRR5354526",1,3,1,1,1,4,1,1,3,4,3,4,2
"SRR5353757",5,4,4,4,3,4,4,4,1,6,5,6,2
"SRR3986206",8,8,9,8,9,3,9,9,2,9,1,9,1
"SRR5354886",1,2,1,2,1,3,2,2,2,1,1,1,1
"SRR5354247",2,5,2,1,4,8,1,1,5,3,6,3,3
"SRR5355635",6,6,5,6,6,7,6,6,2,7,7,8,6
"SRR5355285",2,5,2,9,4,2,1,1,7,3,6,3,3
"SRR5354274",2,5,2,1,4,8,1,1,1,3,6,3,3
"SRR5354328",2,3,2,1,4,2,1,1,7,3,3,3,3
"SRR5354613",2,5,2,1,4,2,1,1,1,3,6,3,3
"SRR5355080",1,2,1,2,1,3,2,2,2,1,1,1,1
"SRR5355132",2,3,2,1,2,1,1,1,5,4,3,3,2
"SRR3986159",8,8,9,8,9,3,9,9,2,9,5,9,1
"SRR5356114",1,2,1,2,1,3,2,2,2,1,1,9,1
"SRR5355028",1,2,1,2,1,6,2,2,2,1,1,1,1
"SRR3986089",1,4,1,7,8,9,2,5,2,4,4,1,1
"SRR3986157",8,8,9,8,9,3,9,9,2,9,1,9,1
"SRR5355622",6,6,5,6,6,7,6,6,9,7,7,8,6
"SRR3986193",8,8,9,8,1,3,9,9,3,9,5,9,1
"SRR5354522",3,4,3,1,8,1,3,2,7,2,9,7,4
"SRR5356128",6,2,1,2,1,3,2,2,3,1,1,1,1
"SRR3986075",3,4,8,7,8,9,5,5,6,5,4,5,5
"SRR5356108",6,6,5,6,6,7,6,2,3,7,4,8,6
"SRR5354541",5,1,3,1,3,5,3,5,7,2,2,6,7
"SRR5355136",2,5,2,1,4,2,1,1,5,3,3,4,9
"SRR5354106",3,4,6,5,5,5,5,5,3,5,4,5,1
"SRR5356088",6,2,1,2,6,3,2,2,3,1,1,8,1
"SRR5356141",1,2,1,5,5,5,2,6,1,4,4,5,1
"SRR5354413",2,3,2,1,4,2,1,1,1,3,3,3,2
"SRR5353384",4,1,3,3,2,1,3,3,1,2,5,2,4
"SRR5355194",2,5,2,1,4,8,1,1,5,3,6,3,3
"SRR5354713",2,3,2,1,4,2,1,1,7,3,3,3,3
"SRR5353395",3,1,3,3,2,1,3,3,1,2,5,2,4
"SRR5356101",6,2,5,2,6,3,2,2,2,1,4,8,6
"SRR5355987",1,2,1,2,1,3,2,2,3,1,1,1,1
"SRR5355894",3,2,1,2,6,5,2,2,3,1,4,5,1
"SRR5355628",6,6,5,6,6,7,6,6,9,7,7,8,6
"SRR5355386",2,5,2,1,4,8,1,1,7,3,3,3,3
"SRR5353991",2,5,2,9,3,2,1,1,1,3,6,4,9
"SRR5353949",4,1,3,3,2,1,3,3,1,2,5,2,4
"SRR5355913",1,2,1,2,1,3,2,2,2,1,1,1,1
"SRR5354587",2,3,2,1,4,2,1,1,4,3,3,3,3
"SRR3986123",8,8,9,8,1,3,9,9,1,9,5,9,1
"SRR5355974",1,2,1,2,1,6,2,2,3,1,1,1,1
"SRR5355113",2,5,2,1,4,8,1,1,5,3,6,3,3
"SRR5355936",1,2,1,2,1,6,2,2,2,1,1,1,1
"SRR5354268",2,3,2,1,7,2,1,1,5,4,3,4,3
"SRR5356144",1,2,1,2,1,3,2,2,3,1,1,1,1
"SRR5354527",2,3,2,1,4,2,1,1,7,3,3,3,3
"SRR5355121",2,5,2,1,4,8,1,1,5,3,6,3,3
"SRR5354601",5,3,4,1,3,4,4,4,7,3,5,6,2
"SRR5355038",3,2,1,2,1,6,2,2,2,1,1,1,1
"SRR5354683",2,3,2,1,7,2,1,1,4,3,3,7,3
"SRR5354661",1,4,1,2,1,6,2,2,3,1,1,1,1
"SRR3986122",8,8,9,8,1,6,9,9,3,9,5,9,1
"SRR3986158",8,8,9,8,9,3,9,9,2,9,1,9,1
"SRR5355719",6,6,5,6,6,7,6,6,9,7,7,8,6
"SRR5355919",3,2,3,2,1,6,2,2,3,4,4,7,5
"SRR5355158",2,5,2,1,4,8,1,1,5,3,6,3,3
"SRR5354204",3,3,2,1,2,1,1,1,1,4,3,3,2
"SRR5353407",4,1,3,3,2,1,3,3,1,2,5,2,4
"SRR5355981",1,2,1,2,1,3,2,2,2,1,1,1,1
"SRR5353460",4,1,3,3,2,1,3,3,1,2,5,2,4
"SRR3986152",8,8,9,8,1,3,9,9,3,9,5,9,1
"SRR5354466",3,3,3,1,2,1,1,3,1,4,5,3,2
"SRR5355949",1,2,1,2,1,6,2,2,3,1,1,1,1
"SRR5355954",1,2,1,2,1,3,2,2,2,1,1,1,1
"SRR5355069",1,2,1,2,1,3,2,2,2,1,1,1,1
"SRR5354680",5,3,2,1,3,4,4,4,7,4,5,4,2
"SRR5355234",2,5,2,9,4,2,1,1,1,3,6,4,9
"SRR5354548",3,4,2,1,4,2,1,1,7,3,3,3,3
"SRR5353887",4,4,3,3,2,1,3,3,1,2,5,2,4
"SRR5356153",1,2,1,2,6,3,2,2,3,1,1,1,1
"SRR5355492",7,7,7,5,5,5,8,8,8,5,4,5,8
"SRR5355253",2,5,2,9,4,2,1,1,5,3,6,3,3
"SRR5355064",1,2,1,2,1,3,2,2,2,1,1,1,1
"SRR5355281",2,5,2,9,4,2,1,1,1,3,6,4,9
"SRR5356044",1,9,1,2,1,3,2,2,2,1,1,1,1
"SRR5354579",1,2,2,2,1,6,2,2,2,1,1,1,1
"SRR5355889",1,2,1,2,1,6,2,2,2,1,1,1,1
"SRR5355739",6,6,5,6,6,7,6,6,9,7,7,8,6
"SRR5355886",1,2,1,2,1,6,2,2,2,4,4,1,1
"SRR5353553",1,1,3,3,2,1,3,3,1,2,5,2,2
"SRR3986208",8,8,9,8,9,3,9,9,2,9,5,9,1
"SRR5355042",1,2,1,2,1,6,2,2,1,1,1,1,1
"SRR5354584",2,3,2,1,4,2,1,1,7,3,3,3,3
"SRR5355106",2,5,2,1,4,2,1,1,1,3,6,4,9
"SRR5355645",6,6,5,6,6,7,6,6,9,7,7,8,6
"SRR5355762",6,6,5,6,6,7,6,6,8,7,7,8,6
"SRR5355592",6,6,5,6,6,7,6,6,9,7,7,8,6
"SRR5355190",2,5,2,1,4,8,1,1,5,3,6,3,3
"SRR5355243",2,5,2,9,4,2,1,1,3,3,6,4,9
"SRR5355244",2,5,2,9,4,2,1,1,1,3,6,4,9
"SRR5355199",2,5,2,9,4,2,1,1,3,3,6,4,9
"SRR5354143",3,4,6,5,5,5,5,5,2,4,4,5,1
"SRR5354420",2,3,2,1,7,2,1,1,1,4,3,3,2
"SRR3986035",1,2,1,2,1,6,2,2,2,1,1,1,1
"SRR3986132",8,8,9,8,9,3,9,9,3,9,5,9,1
"SRR5355305",2,5,2,1,4,8,1,1,4,3,9,3,3
"SRR5355921",1,2,1,2,1,6,2,2,2,1,1,1,1
"SRR5355059",3,4,1,1,1,6,2,2,1,1,1,1,5
"SRR5354051",3,4,6,5,5,5,5,5,2,5,4,5,1
"SRR5353541",5,1,3,3,2,1,3,3,1,2,5,2,2
"SRR5355624",6,6,5,6,6,7,6,6,8,7,7,8,6
"SRR5354818",1,2,1,2,1,3,2,2,2,1,1,1,1
"SRR5355095",1,2,1,2,1,3,2,2,2,1,1,1,1
"SRR5355560",7,4,7,5,5,5,8,8,8,8,8,5,8
"SRR5355587",6,6,5,6,6,7,6,6,9,7,7,8,6
"SRR3986094",4,4,8,7,1,9,5,5,3,5,4,7,1
"SRR5355753",6,6,5,6,6,7,6,6,9,7,7,8,6
"SRR5355875",1,2,1,2,1,6,2,2,3,4,1,1,1
"SRR5355267",2,5,2,9,4,2,1,1,1,3,6,4,9
"SRR5353441",4,4,3,3,2,1,3,3,1,2,5,2,4
"SRR5355496",7,7,7,5,5,5,8,8,8,8,8,5,8
"SRR5355871",1,2,1,2,1,6,2,2,3,1,1,1,1
"SRR5354022",1,5,4,4,3,4,1,7,7,5,1,4,5
"SRR5355876",1,2,1,2,1,6,2,2,2,1,1,1,1
"SRR5356134",6,2,1,2,6,3,2,2,2,1,1,1,1
"SRR5355031",3,4,8,7,8,9,5,5,4,5,4,7,5
"SRR5355237",2,5,2,9,4,2,1,1,1,3,6,4,9
"SRR5355887",3,4,7,5,5,5,8,8,9,5,4,5,8
"SRR5354614",3,4,3,1,8,6,3,2,1,4,9,7,5
"SRR5355958",1,2,1,2,1,6,2,2,2,1,1,1,1
"SRR5354531",2,5,2,1,4,8,1,1,7,3,6,3,3
"SRR5354593",1,2,1,2,1,6,2,2,6,1,9,1,5
"SRR5356087",1,2,1,2,1,3,2,2,2,1,1,1,1
"SRR5354478",2,3,2,1,4,2,1,1,1,4,3,3,2
"SRR5355666",6,6,5,6,6,7,6,6,8,7,7,8,6
"SRR5354474",2,3,2,1,7,2,1,1,7,4,3,3,3
"SRR5354755",3,3,4,1,3,2,1,1,1,4,3,3,3
"SRR5355908",1,2,1,2,1,3,2,2,2,1,1,1,1
"SRR5354507",2,3,2,1,4,2,1,1,7,3,3,3,3
"SRR5354448",2,3,2,1,3,2,1,1,1,4,3,4,2
"SRR5355251",2,5,2,9,4,8,1,1,5,3,6,3,3
"SRR5355057",1,2,1,2,1,3,2,2,2,1,1,1,1
"SRR5355481",7,7,7,5,5,5,8,8,9,8,8,5,8
"SRR5356016",1,2,1,2,1,3,2,2,2,1,1,9,1
"SRR5355157",2,5,2,1,4,8,1,1,5,3,6,3,3
"SRR5355975",6,2,6,2,6,5,5,5,6,5,4,5,5
"SRR5354887",1,2,1,2,1,3,2,2,2,1,1,1,1
"SRR5353478",3,1,4,3,2,1,3,3,1,2,5,7,2
"SRR3986175",8,8,9,8,1,3,9,9,2,9,5,9,1
"SRR5354479",2,3,2,1,4,2,1,1,1,4,3,4,3
"SRR5355968",1,2,1,2,1,3,2,2,2,1,1,1,1
"SRR5356095",1,2,1,2,1,3,2,2,3,1,1,1,1
"SRR5354385",2,3,2,1,4,8,1,1,5,3,6,3,3
"SRR3986039",4,4,8,7,1,3,5,5,3,1,1,7,5
"SRR5355211",2,5,2,9,4,2,1,1,1,3,6,4,9
"SRR5356059",1,7,6,2,5,5,5,5,1,5,5,5,8
"SRR5355260",2,5,2,9,4,2,1,1,1,3,6,4,9
"SRR5355032",1,2,1,2,1,3,2,2,2,1,1,1,1
"SRR5355084",1,2,1,2,1,3,2,2,6,1,1,1,1
"SRR5355075",1,2,1,2,1,3,2,2,2,1,1,9,1
"SRR5356092",1,2,1,2,1,3,2,2,2,1,1,9,1
"SRR3986133",8,8,9,8,9,3,9,9,2,9,1,9,1
"SRR5354215",1,3,1,1,1,1,2,2,3,4,4,1,1
"SRR5356148",1,2,1,2,1,3,2,2,2,1,1,1,1
"SRR3986041",3,4,8,7,8,9,5,5,3,5,4,1,5
"SRR5355941",1,2,1,2,1,6,2,2,3,1,1,1,1
"SRR3986120",3,4,8,7,8,9,5,5,3,5,4,7,5
"SRR5355245",2,5,2,9,4,2,1,1,1,3,6,4,9
"SRR5355118",2,5,2,1,4,2,1,1,5,3,6,3,3
"SRR5354410",2,3,2,1,7,2,1,1,3,4,3,4,2
"SRR5354701",4,1,3,3,2,1,3,3,7,2,2,2,4
"SRR5354456",2,3,2,1,7,2,1,1,1,4,3,3,2
"SRR5355085",1,2,1,2,1,6,2,2,3,1,1,1,1
"SRR5355067",1,2,1,2,1,3,2,2,2,1,1,1,1
"SRR5353540",4,1,3,3,2,1,3,3,5,2,5,2,2
"SRR5354717",2,3,2,1,4,2,1,1,4,3,3,3,3
"SRR5355523",7,7,7,5,5,5,8,8,9,8,8,5,8
"SRR5354824",1,2,1,2,1,3,2,2,2,1,1,1,1
"SRR5356117",1,2,1,2,1,3,2,2,2,1,1,9,1
"SRR5353596",4,1,3,3,2,1,3,3,1,2,5,2,4
"SRR5356098",6,2,1,2,6,7,2,2,3,1,1,1,1
"SRR5354406",2,3,2,1,7,1,1,1,3,4,3,4,2
"SRR5353409",4,1,3,3,2,1,3,3,7,2,5,2,4
"SRR5354397",2,3,2,1,4,8,1,1,7,3,6,3,3
"SRR5356149",6,2,1,2,6,7,2,2,3,1,1,1,1
"SRR5354416",4,3,3,3,2,1,3,3,7,2,3,2,3
"SRR5354402",2,3,1,1,7,1,1,1,3,4,3,7,3
"SRR5354783",1,4,4,4,3,4,4,4,1,4,4,4,2
"SRR5355898",1,2,1,2,1,6,2,2,2,1,4,1,1
"SRR3986109",3,4,8,7,8,9,5,5,6,5,4,7,5
"SRR5354631",3,1,2,1,3,2,1,4,7,3,3,6,2
"SRR3986111",4,4,8,7,2,9,5,5,4,5,4,7,5
"SRR5356147",1,2,1,2,1,3,2,2,3,1,1,9,1
"SRR5355870",1,2,1,2,1,6,2,2,2,1,1,7,1
"SRR5356106",1,2,1,2,1,3,2,2,2,1,1,1,1
"SRR5353634",4,1,3,3,2,1,3,3,7,2,2,2,4
"SRR5353516",4,4,3,3,2,1,3,3,1,2,5,2,2
"SRR5355708",6,6,5,6,5,7,6,6,3,7,4,8,6
"SRR5354628",8,2,1,2,1,6,2,2,3,1,1,1,1
"SRR5355246",2,5,2,9,4,2,1,1,2,3,6,4,9
"SRR5356139",6,6,5,6,6,7,6,6,9,7,7,8,6
"SRR5354481",3,4,8,1,8,9,5,5,1,4,4,1,5
"SRR5355751",6,6,5,6,6,7,6,6,2,7,7,8,6
"SRR5355229",2,5,2,9,4,2,1,1,1,3,6,4,9
"SRR5355275",2,5,2,9,4,2,1,1,5,3,6,4,9
"SRR5354313",2,3,2,1,7,2,1,1,7,3,3,3,3
"SRR5353835",5,1,4,4,3,4,4,4,7,6,2,6,7
"SRR5354387",2,3,2,1,7,2,1,1,1,4,3,3,2
"SRR5355062",1,2,1,2,1,6,2,2,6,1,1,1,1
"SRR3986180",8,8,9,8,1,3,9,9,6,9,2,9,1
"SRR5356007",1,2,1,2,1,3,2,2,2,1,1,9,1
"SRR5355261",2,3,2,9,4,2,1,1,1,3,6,3,3
"SRR5354287",2,5,2,1,4,8,1,1,7,3,6,3,3
"SRR5355679",6,6,5,6,6,7,6,6,9,7,7,8,6
"SRR5354429",1,3,4,1,3,2,1,1,1,4,3,4,2
"SRR5356126",1,2,1,2,1,3,2,2,2,1,1,1,1
"SRR5354008",2,5,2,9,4,2,1,1,1,3,6,4,9
"SRR5355923",3,2,6,2,1,6,2,5,7,1,1,5,1
"SRR5356041",8,9,1,2,1,3,2,2,3,1,1,1,1
"SRR5355925",1,2,1,2,1,6,2,2,3,1,1,1,1
"SRR3986102",1,2,1,7,1,3,2,2,2,1,1,1,1
"SRR5353593",4,1,3,3,2,1,3,3,1,2,5,7,4
"SRR5355259",2,5,2,9,4,8,1,1,3,3,6,3,3
"SRR3986071",4,4,8,7,8,9,5,5,6,5,4,7,5
"SRR5355236",2,5,2,9,4,2,1,1,2,3,6,4,9
"SRR5355657",6,6,5,6,6,7,6,6,8,7,7,8,6
"SRR5355120",2,3,2,1,4,2,1,1,4,3,6,3,3
"SRR5355882",1,2,1,2,1,6,2,2,1,1,5,1,1
"SRR5353615",4,1,3,3,2,1,3,3,7,2,5,2,2
"SRR5354513",2,3,2,1,7,2,1,1,1,4,3,3,2
"SRR5354434",1,4,1,1,8,1,4,2,1,4,4,1,1
"SRR5355039",1,2,1,2,1,3,2,2,2,1,1,1,1
"SRR5354081",3,4,6,5,5,5,5,5,2,5,4,5,5
"SRR3986181",8,8,9,8,9,3,9,9,2,9,1,9,1
"SRR5355671",6,6,5,6,6,7,6,6,8,7,7,8,6
"SRR5355240",2,5,2,9,4,2,1,1,3,3,6,4,9
"SRR5355947",3,2,1,1,1,6,2,2,1,4,5,1,1
"SRR5354184",1,4,3,1,2,1,3,3,1,4,5,7,2
"SRR5354909",1,2,1,7,1,9,5,5,2,1,4,7,1
"SRR5354611",2,3,2,1,7,2,1,1,3,1,3,7,2
"SRR5356055",3,9,8,2,1,6,2,2,6,1,4,7,5
"SRR5355068",1,2,1,2,1,3,2,2,2,1,1,1,1
"SRR5353550",4,1,3,3,2,1,3,3,1,2,5,2,4
"SRR5355511",7,7,7,5,5,5,8,8,9,8,8,5,8
"SRR5354508",2,3,2,1,4,8,1,1,4,3,3,3,3
"SRR5355017",1,2,1,2,1,3,2,2,2,1,1,1,1
"SRR5355126",2,5,2,1,4,8,1,1,5,3,6,3,3
"SRR5355999",1,2,1,2,1,6,2,2,3,1,1,1,1
"SRR5354326",2,3,2,1,4,2,1,1,4,3,3,3,3
"SRR5354330",1,3,1,1,3,4,1,1,1,4,9,4,2
"SRR5354398",2,3,2,1,4,2,1,1,1,3,6,4,9
"SRR5354307",9,3,2,1,1,4,7,7,4,1,5,6,4
"SRR5355280",2,5,2,9,4,2,1,1,5,3,6,4,9
"SRR5355231",2,5,2,9,4,2,1,1,1,3,6,4,9
"SRR5354503",3,4,3,1,2,1,3,2,7,2,9,2,4
"SRR5356132",1,2,1,2,1,3,2,2,2,1,1,1,1
"SRR5355290",2,5,2,9,4,2,1,1,2,3,6,4,9
"SRR5353498",4,1,3,3,2,1,3,3,5,2,5,2,2
"SRR5355942",3,2,1,2,1,6,2,2,3,1,1,1,1
"SRR5355500",7,7,7,5,5,5,8,8,8,8,8,5,8
"SRR5353509",4,1,3,3,2,1,3,3,7,2,5,2,4
"SRR5354140",3,4,6,5,5,5,5,5,3,5,4,5,5
"SRR5354285",2,3,2,1,4,2,1,1,1,4,3,3,2
"SRR5356010",1,9,1,2,1,3,2,2,2,1,1,1,1
"SRR5355111",2,5,2,1,4,8,1,1,5,3,6,3,3
"SRR5355223",2,5,2,9,4,2,1,1,1,3,6,4,9
"SRR5355278",2,5,2,9,4,8,1,1,5,3,6,3,3
"SRR5355499",3,4,7,5,5,5,8,8,1,5,4,5,5
"SRR5355695",6,6,5,6,6,7,6,6,9,7,7,8,6
"SRR5356064",6,4,1,2,5,5,2,2,3,1,4,8,6
"SRR5355130",2,5,2,1,4,8,1,1,5,3,6,3,3
"SRR5355018",1,2,1,2,1,3,2,2,2,1,1,1,1
"SRR5354484",4,1,3,3,2,1,3,3,7,2,2,2,4
"SRR5355985",1,2,1,2,1,3,2,2,3,1,1,1,1
"SRR3986065",3,4,8,7,8,9,5,5,6,5,4,7,5
"SRR5355625",6,6,5,6,6,7,6,6,8,7,7,8,6
"SRR5353982",3,3,4,4,3,2,1,1,7,4,5,4,2
"SRR5356085",1,2,1,2,1,3,2,2,2,1,1,1,1
"SRR5354282",2,3,2,1,4,2,1,1,7,3,3,3,3
"SRR5355746",6,6,5,6,6,7,6,6,9,7,7,8,6
"SRR3986105",3,4,8,7,8,9,5,5,6,5,4,7,5
"SRR5355207",2,5,2,9,4,2,1,1,3,3,6,4,9
"SRR5354433",2,3,2,1,2,1,1,1,1,4,3,3,2
"SRR5354771",1,3,4,4,3,4,1,1,3,4,6,4,9
"SRR5356013",1,2,1,2,1,3,2,2,2,1,1,1,1
"SRR5356112",1,2,1,2,1,3,2,2,2,1,1,1,1
"SRR5355119",2,5,2,1,4,8,1,1,5,3,6,3,3
"SRR5353388",4,4,3,3,2,1,3,5,1,2,5,7,2
"SRR5355088",1,2,1,2,1,3,2,2,2,1,1,1,1
"SRR5354270",1,2,1,2,1,6,2,2,6,1,1,1,1
"SRR5353974",2,3,4,4,3,2,4,4,3,4,3,4,2
"SRR5355077",1,2,1,2,1,3,2,2,2,1,1,1,1
"SRR5355152",2,5,2,1,4,8,1,1,5,3,6,3,3
"SRR5355748",6,6,5,6,6,7,6,6,3,7,4,8,6
"SRR5355578",7,7,7,5,5,5,8,8,8,8,8,5,8
"SRR5354679",2,3,2,1,4,8,1,1,4,3,3,3,3
"SRR5355589",6,6,5,6,6,7,6,6,6,7,7,8,6
"SRR5355035",1,2,1,2,1,6,2,2,6,1,1,7,1
"SRR5355197",2,5,2,9,4,2,1,1,5,3,6,4,9
"SRR3986078",3,4,8,7,8,9,5,5,6,5,4,7,5
"SRR5355159",2,5,2,1,4,8,1,1,5,3,6,3,3
"SRR5354348",1,2,1,2,1,6,2,2,2,1,1,1,1
"SRR5356048",1,9,1,2,1,6,2,2,4,1,1,1,1
"SRR5354294",2,3,2,1,4,2,1,1,7,3,3,3,3
"SRR5353528",4,1,3,3,2,1,3,3,7,2,5,2,4
"SRR3986061",3,4,8,7,8,9,5,5,3,5,4,7,5
"SRR5353811",5,1,4,4,3,4,4,4,4,6,2,6,4
"SRR5353640",4,4,3,3,2,1,3,3,1,2,5,2,2
"SRR5354016",1,4,4,4,3,4,4,4,1,4,4,4,2
"SRR5354722",2,3,2,1,3,2,1,1,1,4,3,4,2
"SRR5355226",2,5,2,9,3,2,1,1,3,3,6,4,9
"SRR5354135",3,4,6,5,5,5,5,5,1,5,4,5,5
"SRR5355040",1,2,1,2,1,3,2,2,2,1,1,1,1
"SRR5354339",4,4,3,3,2,1,3,3,1,4,5,7,2
"SRR5356145",1,2,1,2,1,3,2,2,2,1,1,1,1
"SRR5354361",1,3,1,1,1,6,2,2,3,1,1,1,1
"SRR5354265",3,3,1,1,1,4,4,2,1,4,5,4,2
"SRR3986138",8,8,9,8,9,3,9,9,3,9,1,9,1
"SRR5354454",5,3,2,1,4,2,1,1,7,3,3,3,2
"SRR5356023",2,2,1,2,1,6,2,2,6,4,9,4,1
"SRR5356116",1,2,1,2,1,3,2,2,3,1,1,1,1
"SRR5354105",3,4,6,5,5,5,5,5,1,5,4,5,5
"SRR5354346",1,2,8,7,1,9,5,5,2,4,4,1,1
"SRR5355087",1,2,1,2,1,3,2,2,2,1,1,1,1
"SRR5354133",5,4,6,5,5,5,5,5,3,5,4,5,5
"SRR3986095",3,4,8,7,8,9,5,5,6,5,4,7,5
"SRR3986088",3,4,8,7,8,9,5,5,3,5,1,7,5
"SRR5355764",6,6,5,6,6,7,6,6,9,7,7,8,6
"SRR5354586",1,3,2,1,7,2,1,1,4,4,9,7,2
"SRR5355880",1,2,1,2,1,6,2,2,2,1,1,1,1
"SRR5353563",4,1,3,3,2,1,3,3,7,2,2,2,4
"SRR5355639",6,6,5,6,6,7,6,6,9,7,7,8,6
"SRR5356119",1,2,1,2,1,3,2,2,2,1,1,1,1
"SRR3986205",8,8,9,8,9,3,9,9,2,9,1,9,1
"SRR5354634",3,1,3,1,8,1,3,2,4,2,9,2,5
"SRR5355769",6,6,5,6,6,7,6,6,8,7,7,8,6
"SRR5354893",1,2,1,2,1,3,2,2,2,1,1,1,1
"SRR5355284",2,5,2,9,4,2,1,1,1,3,6,4,9
"SRR3986145",8,8,9,8,9,3,9,9,3,9,1,9,1
"SRR5355156",2,5,2,1,4,8,1,1,5,3,6,3,3
"SRR5355201",2,5,2,9,4,2,1,1,5,3,6,4,9
"SRR5356078",1,4,1,5,6,7,2,6,1,4,4,8,6
"SRR5354053",3,4,6,5,5,5,5,5,3,5,4,5,5
"SRR5354278",1,3,1,1,1,4,2,2,7,4,5,7,2
"SRR5355933",1,2,1,2,1,3,2,2,2,1,1,1,1
"SRR5355011",1,2,1,2,1,6,2,2,6,1,1,1,1
"SRR5356107",1,2,1,2,1,3,2,2,3,1,5,1,1
"SRR5354337",2,3,2,1,4,2,1,1,5,3,3,3,3
"SRR5355545",7,7,7,5,5,5,8,8,8,8,8,5,8
"SRR5354371",4,3,2,1,2,1,1,1,7,3,3,3,3
"SRR5353602",4,4,3,3,2,1,3,3,1,2,5,2,2
"SRR5355750",6,6,5,6,6,7,6,6,9,7,7,8,6
"SRR5354754",5,3,2,1,3,2,1,1,1,4,3,4,3
"SRR5355009",1,2,1,2,1,3,2,2,2,1,1,1,1
"SRR5353744",5,1,4,4,3,4,4,4,1,6,5,6,2
"SRR5355575",3,7,7,5,5,5,8,8,8,8,8,5,8
"SRR5355690",6,6,5,6,6,7,6,6,9,7,7,8,6
"SRR5354126",5,4,6,5,5,5,5,5,6,5,4,5,5
"SRR5355706",6,6,5,6,6,7,6,6,8,7,7,8,6
"SRR5355023",1,2,1,2,9,3,2,2,2,1,1,1,1
"SRR5354807",5,1,4,4,3,4,4,4,7,6,2,6,3
"SRR5353737",5,1,4,4,3,4,4,4,4,6,2,6,7
"SRR5353564",4,1,3,3,2,1,3,3,7,2,2,2,4
"SRR5355948",1,2,1,2,1,6,2,2,6,1,1,1,1
"SRR5354098",3,4,6,5,5,5,5,5,3,5,4,5,5
"SRR5354442",3,4,8,1,8,1,3,5,1,4,5,7,2
"SRR5354400",1,3,1,1,1,6,2,2,3,4,4,1,1
"SRR5354131",5,4,6,5,5,5,5,5,2,5,4,5,1
"SRR5355044",1,2,1,2,1,3,2,2,2,1,1,1,1
"SRR5354083",3,4,6,5,5,5,5,5,2,5,4,5,5
"SRR5355910",1,2,1,2,1,6,2,2,2,1,1,1,1
"SRR5354284",3,3,2,1,7,1,1,1,7,4,3,3,2
"SRR5354775",3,3,4,1,3,4,4,1,1,4,3,4,2
"SRR3986074",3,1,6,7,3,9,5,5,6,5,4,5,5
"SRR3986128",8,8,9,8,9,3,9,9,2,9,1,9,1
"SRR5355497",7,7,7,5,5,5,8,8,9,8,8,5,8
"SRR5355070",1,2,1,2,1,6,2,2,6,1,1,1,1
"SRR5355702",6,6,5,6,6,7,6,6,3,1,4,1,6
"SRR5355092",6,4,5,6,6,7,6,6,8,7,4,8,5
"SRR5355050",1,2,1,2,1,3,2,2,2,1,1,1,1
"SRR5354138",3,4,6,5,5,5,4,5,1,5,4,5,5
"SRR5354725",3,3,4,1,3,4,4,1,5,4,3,4,2
"SRR5353981",9,3,4,4,3,4,4,4,7,4,1,6,2
"SRR5355235",2,5,2,9,4,2,1,1,2,3,6,4,9
"SRR3986137",8,8,9,8,1,3,9,9,6,9,5,9,1
"SRR5355694",6,6,5,6,6,7,6,6,9,7,7,8,6
"SRR5355160",2,5,2,1,4,8,1,1,5,3,6,3,3
"SRR5354512",3,3,1,1,3,2,1,1,1,4,5,4,2
"SRR5355514",3,7,7,5,5,5,8,8,9,4,4,5,8
"SRR5355164",2,5,2,1,4,8,1,1,5,3,6,3,3
"SRR5353696",5,1,4,4,3,4,4,4,1,6,2,6,2
"SRR5354090",3,4,6,5,5,5,5,5,6,5,4,5,5
"SRR5353708",3,1,6,4,3,4,4,5,4,6,4,6,7
"SRR3986090",3,4,8,7,8,9,5,5,6,5,4,7,5
"SRR5355491",7,7,7,5,5,5,8,8,9,8,8,5,8
"SRR5353597",3,1,3,3,2,1,3,3,1,2,5,7,2
"SRR5354118",1,2,6,5,1,5,5,5,2,5,4,5,5
"SRR5355691",6,6,5,6,6,7,6,6,9,7,7,8,6
"SRR5355133",2,5,2,1,4,8,1,1,5,3,6,3,3
"SRR3986134",8,8,9,8,9,3,9,9,2,9,1,9,1
"SRR5354017",5,1,4,4,3,4,4,4,7,6,5,6,7
"SRR5355141",2,5,2,1,4,8,1,1,5,3,6,3,3
"SRR5354750",2,3,2,1,3,2,1,1,1,3,3,4,9
"SRR5354229",2,3,2,1,4,2,1,1,1,3,3,3,3
"SRR5353874",5,1,3,3,2,1,3,3,1,2,5,2,4
"SRR5355216",2,5,2,9,4,2,1,1,1,3,6,4,9
"SRR5355767",6,6,5,6,6,7,6,6,9,7,7,8,6
"SRR5355147",2,5,2,1,4,8,1,1,5,3,6,3,3
"SRR5354136",3,4,6,5,5,5,5,5,3,5,4,5,5
"SRR5353417",3,4,3,3,2,1,3,3,1,2,5,7,2
"SRR5353728",5,1,4,4,3,4,4,4,7,6,2,6,7
"SRR5355146",2,5,2,1,4,8,1,1,5,3,6,3,3
"SRR5355638",6,6,5,6,6,7,6,6,2,7,7,8,6
"SRR5355878",1,2,1,2,1,6,2,2,2,1,1,1,1
"SRR5353638",5,1,3,3,2,1,3,3,7,2,2,2,4
"SRR5353422",4,1,3,3,2,1,3,3,1,2,2,2,2
"SRR5355914",1,2,1,2,1,6,2,2,2,1,1,1,1
"SRR5354137",3,4,6,5,5,5,4,5,1,5,4,5,5
"SRR5355634",6,6,5,6,6,7,6,6,8,7,7,8,6
"SRR5355945",1,2,1,2,1,6,2,2,3,1,1,1,1
"SRR5354103",6,4,6,5,5,5,6,5,3,5,7,5,8
"SRR5354672",2,3,2,1,7,2,1,1,5,4,3,4,2
"SRR5355710",6,6,5,6,6,7,6,6,9,7,7,8,6
"SRR5356105",6,2,1,2,6,3,2,2,3,1,1,8,1
"SRR5354369",2,3,1,1,7,1,1,1,3,4,3,7,2
"SRR5355270",2,5,2,9,4,2,1,1,3,3,6,4,9
"SRR5355662",6,6,5,6,6,7,6,6,9,7,7,8,6
"SRR5355288",2,5,2,9,4,2,1,1,1,3,6,4,9
"SRR3986156",8,8,9,8,1,3,9,9,3,9,5,9,1
"SRR5354487",4,4,1,1,2,1,3,3,1,4,5,7,2
"SRR5354550",1,3,1,1,1,6,2,2,3,4,1,1,1
"SRR5355213",2,5,2,9,4,2,1,1,3,3,6,4,9
"SRR5355956",1,2,1,2,1,6,2,2,2,1,1,1,1
"SRR5356086",6,2,1,2,1,3,2,2,2,1,1,1,1
"SRR5354502",2,3,2,1,7,2,1,1,3,4,3,4,2
"SRR5354295",1,4,1,1,1,6,2,2,1,4,3,1,1
"SRR5355588",6,6,5,6,6,7,6,6,8,7,7,8,8
"SRR5354612",3,1,3,1,8,1,3,2,4,2,9,7,5
"SRR3986083",3,4,8,7,1,6,5,5,3,5,4,7,5
"SRR5355268",2,5,2,9,4,2,1,1,1,3,6,4,9
"SRR5355955",1,2,1,2,1,6,2,2,6,1,1,1,1
"SRR5355594",6,6,5,6,6,7,6,6,9,7,7,8,6
"SRR5355688",6,6,5,6,6,7,6,6,9,7,7,8,6
"SRR5353865",4,1,3,3,2,1,3,3,1,2,5,2,2
"SRR5355615",6,6,5,6,6,7,6,6,8,7,7,8,6
"SRR5354774",2,3,2,1,4,8,1,1,7,3,6,3,3
"SRR5354414",1,3,1,1,1,6,2,2,2,1,1,1,2
"SRR5354443",5,1,3,3,4,1,3,3,4,2,2,2,4
"SRR5355110",2,5,2,1,4,8,1,1,5,3,6,3,3
"SRR5356009",1,2,1,2,1,3,2,2,2,1,1,1,1
"SRR5354374",2,3,2,1,7,2,1,1,1,3,3,3,2
"SRR5354791",3,3,2,1,3,2,1,1,5,4,3,6,3
"SRR3986198",8,8,9,8,9,3,9,9,2,9,1,9,1
"SRR3986195",8,8,9,8,1,3,9,9,6,9,5,9,1
"SRR5355072",1,2,1,2,1,6,2,2,3,1,1,1,1
"SRR5355093",1,4,1,1,1,6,2,2,2,4,4,1,1
"SRR5353656",4,1,3,3,2,1,3,3,7,2,2,2,4
"SRR5354108",3,4,6,5,5,5,4,5,1,4,4,5,8
"SRR5356109",1,2,1,2,1,3,2,2,2,1,1,1,1
"SRR5355957",3,2,7,2,5,5,8,8,8,5,4,5,8
"SRR3986101",3,4,8,7,8,9,5,5,3,5,4,7,5
"SRR5354602",3,3,3,1,7,1,3,2,4,2,9,7,4
"SRR3986140",8,8,9,8,9,3,9,9,3,9,5,9,1
"SRR5353749",5,1,4,4,3,4,4,4,7,6,2,6,7
"SRR3986092",3,4,8,7,2,9,5,5,6,5,4,7,5
"SRR5354816",3,4,4,1,3,4,1,4,2,4,3,4,2
"SRR5355930",1,2,1,2,1,6,2,2,3,1,1,1,1
"SRR5355531",7,7,7,5,5,5,8,8,9,4,4,5,8
"SRR5354528",2,3,2,1,7,2,1,1,3,4,3,4,2
"SRR5354251",3,1,3,1,2,1,3,5,7,2,9,2,2
"SRR5354075",3,4,6,5,5,5,5,5,1,5,4,5,5
"SRR5354292",2,3,2,1,7,2,1,1,3,4,3,4,2
"SRR5354104",3,4,6,5,5,5,5,5,3,5,4,5,5
"SRR5355770",6,6,5,6,6,7,6,6,9,7,7,8,6
"SRR5354124",5,4,6,5,5,5,5,5,6,5,4,5,5
"SRR5353704",5,1,4,4,3,4,4,4,7,6,2,6,7
"SRR5355741",6,6,5,6,6,7,6,6,9,7,7,8,6
"SRR3986025",3,4,8,7,8,9,5,5,3,5,4,7,5
"SRR5354485",1,3,1,1,1,6,1,2,3,4,3,4,2
"SRR5353883",4,1,3,3,2,1,3,3,7,4,5,2,4
"SRR5355501",3,7,7,5,5,5,8,8,9,8,8,5,8
"SRR5356027",1,9,1,2,1,3,2,2,6,1,1,1,1
"SRR5354280",2,5,2,1,4,8,1,1,5,3,6,3,3
"SRR5355025",1,2,1,2,1,3,2,2,2,1,1,1,1
"SRR5354745",2,3,2,1,4,2,1,1,3,3,6,3,3
"SRR5355041",1,2,1,2,1,3,2,2,2,1,1,9,1
"SRR5355495",7,7,7,5,5,5,8,8,9,8,8,5,8
"SRR3986084",3,4,8,7,8,9,5,5,3,5,4,7,5
"SRR5354500",3,4,1,1,1,4,1,1,1,4,3,4,2
"SRR5355303",2,5,2,1,4,8,1,1,5,3,2,3,3
"SRR5354786",1,3,4,4,3,4,4,4,4,4,1,6,2
"SRR5354684",2,3,2,1,4,2,1,1,4,3,3,3,3
"SRR5353941",4,1,3,3,2,1,3,3,7,2,5,2,4
"SRR3986070",3,4,8,7,5,9,5,5,3,5,4,5,5
"SRR5355953",3,2,8,2,1,6,2,5,6,1,4,7,5
"SRR5354483",2,3,2,1,4,2,1,1,1,4,3,4,2
"SRR5355937",3,2,1,2,1,6,2,2,2,1,4,1,5
"SRR5353379",4,1,3,3,2,1,3,3,1,2,5,2,4
"SRR5355726",6,6,5,6,6,7,6,6,9,7,7,8,6
"SRR3986196",8,8,9,8,9,3,9,9,3,9,5,9,1
"SRR5355579",7,7,7,5,5,5,8,8,9,8,8,5,8
"SRR5355082",1,2,1,2,1,3,2,2,2,1,1,9,1
"SRR3986046",4,4,8,7,8,9,5,5,6,1,4,7,5
"SRR5353804",5,1,4,4,3,4,4,4,7,6,2,6,7
"SRR5355554",7,7,7,5,5,5,8,8,8,8,8,5,8
"SRR5354113",3,4,6,5,5,5,5,5,6,5,4,5,5
"SRR5354250",1,4,1,1,1,6,2,2,1,4,4,1,2
"SRR5354372",5,1,3,3,2,1,3,3,4,2,2,2,4
"SRR5355874",3,2,1,2,1,6,2,2,3,1,1,1,1
"SRR5354752",5,1,4,4,3,4,4,4,4,6,2,6,7
"SRR5356140",6,2,5,2,1,3,2,2,3,1,1,8,1
"SRR5353562",4,1,3,3,2,1,3,3,7,2,2,2,4
"SRR5353986",1,3,2,4,3,2,1,1,1,4,3,3,3
"SRR5354781",2,3,2,1,4,2,1,1,4,3,3,3,3
"SRR5355037",1,2,1,2,1,6,2,2,2,1,1,1,1
"SRR5353449",4,1,3,3,2,1,3,3,1,2,5,2,4
"SRR5354907",1,2,1,2,1,3,2,2,2,1,1,1,1
"SRR5354445",2,3,2,1,4,2,1,1,1,4,3,3,2
"SRR5354533",2,3,2,1,4,8,1,1,4,3,3,3,3
"SRR5354130",3,4,6,5,5,5,5,5,6,5,4,5,5
"SRR5355744",6,6,5,6,6,7,6,6,8,7,7,8,6
"SRR5355563",7,7,7,5,5,5,8,8,9,8,8,5,8
"SRR3986067",4,4,8,7,8,9,5,5,6,5,4,7,5
"SRR5353979",5,1,4,4,3,4,4,4,7,6,2,6,7
"SRR5354464",3,3,2,1,3,2,1,1,1,4,3,4,2
"SRR3986135",8,8,9,8,9,3,9,9,3,9,1,9,1
"SRR5355222",2,5,2,9,4,2,1,1,1,3,6,4,9
"SRR5355264",2,5,2,9,4,2,1,1,1,3,6,4,9
"SRR5355869",1,2,1,2,1,3,2,2,2,1,1,1,1
"SRR5355366",2,3,2,1,4,2,1,1,3,3,4,3,3
"SRR5355581",6,6,5,6,6,7,6,6,8,7,7,8,6
"SRR5354315",3,4,1,1,1,4,4,2,1,4,5,4,2
"SRR5353715",5,1,4,4,3,4,4,4,7,6,2,6,7
"SRR5356033",1,9,1,2,1,3,2,2,3,1,1,9,1
"SRR5354461",2,3,2,1,4,2,1,1,1,3,3,4,2
"SRR5355689",6,6,5,6,6,7,6,6,9,7,7,8,6
"SRR5354306",2,3,2,4,7,2,1,1,1,4,3,4,2
"SRR5355963",1,2,1,2,1,6,2,2,6,1,4,5,5
"SRR5354746",5,4,4,4,3,4,4,4,1,4,5,6,2
"SRR5354211",3,1,3,3,2,1,3,3,7,4,5,2,2
"SRR5353517",4,4,3,3,2,1,3,3,1,2,5,2,2
"SRR5353922",5,1,3,3,2,1,3,3,1,2,2,2,2
"SRR5354814",2,5,2,4,3,2,1,1,5,3,3,4,9
"SRR5355150",2,5,2,1,4,8,1,1,5,3,6,3,3
"SRR5353812",5,1,4,4,3,4,4,4,4,6,2,6,7
"SRR5355051",1,2,1,2,1,3,2,2,3,1,1,1,1
"SRR5354480",2,3,2,1,7,2,1,1,1,4,3,4,2
"SRR5355298",2,5,2,1,4,8,1,1,4,3,5,3,3
"SRR5353418",4,1,3,3,2,1,3,3,1,2,2,2,2
"SRR5354463",1,4,1,1,1,6,2,2,1,4,9,4,2
"SRR5355498",7,7,7,5,5,5,8,8,9,8,8,5,8
"SRR5354129",3,4,6,5,5,5,5,5,2,4,4,5,5
"SRR5355656",6,6,5,6,6,7,6,6,8,7,7,8,6
"SRR3986210",8,8,9,8,9,3,9,9,2,9,1,9,1
"SRR5354052",5,4,6,5,5,5,5,5,3,5,4,7,5
"SRR5353434",4,1,3,3,2,1,3,3,7,2,2,2,4
"SRR5353677",5,1,4,4,3,4,4,4,4,6,2,6,7
"SRR5354868",1,2,1,2,1,3,2,2,2,1,1,1,1
"SRR5354789",3,4,4,1,5,4,4,5,1,4,4,4,2
"SRR5353623",4,1,3,3,2,1,3,3,6,2,2,2,4
"SRR5355321",2,3,2,1,4,8,1,1,4,3,9,3,3
"SRR5354253",3,4,1,1,8,1,4,3,1,4,5,7,2
"SRR5355915",1,2,1,2,1,6,2,2,2,1,1,1,1
"SRR3986062",3,4,8,7,8,9,5,5,3,5,4,7,5
"SRR5355756",6,6,5,6,6,7,6,6,9,7,7,8,6
"SRR5355883",3,2,1,2,1,6,2,2,2,1,1,1,1
"SRR5354089",3,4,6,5,5,5,5,5,3,4,4,5,5
"SRR5355140",2,5,2,1,4,8,1,1,5,3,6,3,3
"SRR5356124",1,2,1,2,1,3,2,2,3,1,1,1,1
"SRR5356093",1,2,1,2,1,3,2,2,2,1,1,1,1
"SRR5354273",3,1,3,1,3,6,3,3,1,2,5,7,2
"SRR5353416",4,1,3,3,2,1,3,3,1,2,2,2,4
"SRR5354517",3,3,1,1,1,6,4,2,1,4,9,7,2
"SRR5354609",3,4,3,1,1,6,3,2,4,2,9,7,5
"SRR5355548",7,7,7,5,5,5,8,8,8,8,8,5,8
"SRR5354795",3,4,4,4,3,4,4,4,3,4,3,4,2
"SRR5354027",5,1,4,4,3,4,4,4,7,6,2,6,7
"SRR5354219",2,3,3,3,7,1,3,3,1,4,3,2,2
"SRR5354304",1,2,1,2,1,6,2,2,3,1,1,1,1
"SRR5355674",6,6,5,6,6,7,6,6,8,7,7,8,6
"SRR5355034",6,6,5,6,6,7,6,6,8,7,7,8,6
"SRR5353468",5,1,3,3,2,1,3,3,7,2,2,2,7
"SRR5354452",2,3,2,1,3,2,1,1,7,4,3,3,2
"SRR3986115",1,2,1,7,1,3,2,2,2,1,1,1,1
"SRR5354514",3,3,3,3,2,1,3,3,1,2,5,2,2
"SRR5354167",3,4,8,7,8,9,5,5,3,4,4,7,5
"SRR5354796",3,3,2,1,4,2,1,1,4,3,3,6,3
"SRR5354058",3,4,6,5,5,5,5,5,2,1,1,5,5
"SRR3986199",8,8,9,8,9,3,9,9,3,9,1,9,1
"SRR5353937",4,1,3,3,2,1,3,3,1,2,5,2,4
"SRR5355611",6,6,5,6,6,7,6,6,9,7,7,8,6
"SRR5356150",1,2,1,2,1,3,2,2,2,1,1,1,1
"SRR5354427",3,3,3,1,7,1,4,4,1,5,5,2,2
"SRR5355909",1,2,1,2,1,6,2,2,3,1,1,1,1
"SRR5353603",4,1,3,3,2,1,3,3,1,2,5,2,2
"SRR5354020",5,4,4,4,3,2,4,4,1,4,3,4,2
"SRR5353679",5,1,4,4,3,4,4,4,4,6,2,6,7
"SRR5354495",3,3,3,1,7,1,3,3,4,2,9,2,4
"SRR5355703",6,6,5,6,6,7,6,6,9,7,7,8,6
"SRR5354842",1,2,1,2,1,3,2,2,2,1,1,1,1
"SRR5354492",1,3,1,1,7,6,1,1,3,4,5,4,2
"SRR5353703",5,1,4,4,3,4,4,4,4,6,2,6,7
"SRR5353951",3,1,3,3,2,1,3,3,1,2,5,2,2
"SRR5355510",7,7,7,5,5,5,8,8,9,8,8,5,8
"SRR3986107",3,4,8,7,8,9,5,5,3,4,4,1,5
"SRR5354100",3,4,6,5,5,5,5,5,3,5,4,5,5
"SRR5354205",1,4,8,7,2,1,5,5,6,5,4,7,5
"SRR5354128",3,4,6,5,3,5,5,5,7,5,4,5,5
"SRR5354738",3,4,4,1,3,4,4,4,6,4,9,6,2
"SRR5355530",7,7,7,5,5,5,8,8,9,8,8,5,8
"SRR5353972",2,5,2,9,3,2,1,1,1,3,6,4,9
"SRR5355904",1,2,1,2,1,6,7,7,3,1,1,1,1
"SRR5355653",6,6,5,6,6,7,6,6,8,7,7,8,6
"SRR5354262",2,3,2,1,7,2,1,1,4,3,3,3,3
"SRR5353451",4,1,3,3,2,1,3,3,1,2,5,2,2
"SRR5353538",4,1,3,3,2,1,3,3,7,2,2,2,4
"SRR5354724",3,3,2,1,4,2,1,1,5,3,3,3,3
"SRR5355282",2,5,2,9,4,2,1,1,1,3,6,4,9
"SRR5355627",6,6,5,6,6,7,6,6,8,7,7,8,6
"SRR5355013",1,2,1,2,1,3,2,2,3,1,1,1,1
"SRR5355537",7,7,7,5,5,5,8,8,9,8,8,5,8
"SRR5354386",2,3,2,1,4,2,1,1,4,3,3,3,3
"SRR5353559",4,1,3,3,2,1,3,3,7,2,2,2,4
"SRR5354467",3,4,1,1,1,6,4,2,1,4,9,1,5
"SRR5355911",1,2,1,2,1,3,2,2,6,1,1,1,1
"SRR5354112",3,4,6,5,5,5,4,5,3,4,4,5,5
"SRR5354567",3,1,3,1,8,6,5,5,4,2,9,7,5
"SRR5355313",2,5,2,1,4,8,1,1,7,3,5,3,3
"SRR5354170",1,2,1,2,1,6,2,2,2,1,1,1,1
"SRR5354272",3,4,1,1,8,6,2,2,1,4,4,1,5
"SRR5353660",4,1,3,3,2,1,3,3,7,2,5,2,4
"SRR5355522",7,7,7,5,5,5,8,8,9,8,8,5,8
"SRR5354316",1,2,1,1,1,6,2,2,2,4,1,1,1
"SRR5353923",4,1,3,3,2,1,3,3,7,2,5,2,2
"SRR5354094",3,4,6,5,5,5,5,5,6,5,4,5,5
"SRR3986174",8,8,9,8,9,3,9,9,3,9,5,9,1
"SRR5356039",1,9,1,2,1,6,2,2,2,1,1,1,1
"SRR5353535",4,1,3,3,2,1,3,3,4,2,2,2,4
"SRR5354082",5,4,6,5,5,5,5,5,1,5,4,5,5
"SRR5354559",2,3,2,1,7,2,1,1,4,3,3,3,3
"SRR5354561",3,1,3,1,8,1,3,2,4,2,9,7,4
"SRR5354162",2,3,2,1,2,1,1,1,7,3,3,3,3
"SRR5353751",5,1,4,4,3,4,4,4,4,6,2,6,7
"SRR5354071",3,4,6,5,5,5,5,5,3,5,4,5,5
"SRR5354300",2,3,2,1,4,8,1,1,5,3,3,3,3
"SRR5355027",2,3,2,1,4,8,1,1,4,3,3,3,3
"SRR5355137",1,3,2,4,7,4,1,1,3,4,3,4,2
"SRR5354520",2,3,2,1,7,2,1,1,6,3,3,3,2
"SRR5354588",2,3,4,1,3,4,4,4,7,4,5,6,2
"SRR5355649",6,6,5,6,6,7,6,6,2,7,7,8,6
"SRR5353377",4,1,3,3,2,1,3,3,7,2,2,2,4
"SRR5353400",1,1,3,3,2,1,3,3,1,2,5,2,2
"SRR5354264",1,3,4,1,3,2,4,4,1,4,3,4,2
"SRR5355665",6,6,5,6,6,7,6,6,8,7,7,8,6
"SRR5354119",1,4,6,5,5,5,2,2,2,1,4,5,5
"SRR5354003",5,4,4,4,3,4,4,4,7,6,1,6,2
"SRR5355680",6,6,5,6,6,7,6,6,8,7,4,1,6
"SRR5354389",3,3,3,3,2,1,3,3,4,2,2,2,4
"SRR5355310",2,5,2,1,4,8,1,1,4,3,5,3,3
"SRR5354809",3,4,1,1,1,6,2,2,3,4,4,7,5
"SRR5355078",1,2,1,2,1,6,2,2,2,1,1,1,1
"SRR5353912",4,1,3,3,2,1,3,3,7,2,2,2,7
"SRR3986110",3,4,8,7,8,9,5,5,1,5,4,7,5
"SRR5355012",9,2,1,2,1,9,2,7,5,1,1,1,1
"SRR5354039",2,5,2,4,4,2,1,1,5,3,6,3,3
"SRR5353684",5,1,4,4,3,4,4,4,4,6,2,6,7
"SRR5353463",4,1,3,3,2,1,3,3,7,2,2,2,4
"SRR5354806",2,1,2,1,3,2,4,4,4,4,3,6,7
"SRR5353543",4,1,3,3,2,1,3,3,7,2,2,2,4
"SRR5354183",2,3,2,1,4,2,1,1,5,3,3,3,3
"SRR5356136",6,2,6,2,5,5,5,5,6,7,4,5,5
"SRR5353989",5,1,4,4,3,4,4,4,7,6,2,6,7
"SRR5355872",1,2,1,2,1,6,2,2,2,4,4,1,1
"SRR5354494",3,3,2,1,3,2,1,1,7,4,3,6,2
"SRR5353572",4,1,3,3,2,1,3,3,1,2,5,2,2
"SRR5354902",1,2,1,2,1,3,2,2,2,1,1,1,1
"SRR5354123",3,4,6,5,5,5,5,5,6,5,4,5,5
"SRR5355542",7,4,7,5,5,5,8,8,8,5,4,5,8
"SRR5354597",2,3,2,1,4,2,1,1,4,3,3,3,3
"SRR3986051",3,4,8,7,8,9,5,5,3,5,4,5,5
"SRR5353628",4,4,3,3,2,1,3,3,1,2,5,2,2
"SRR5354447",3,4,1,1,2,1,4,3,1,4,5,7,2
"SRR5354692",2,3,2,1,4,2,1,1,5,3,3,3,3
"SRR5355893",1,2,1,2,1,3,2,2,2,1,1,1,1
"SRR5353842",5,1,4,4,3,4,4,4,1,6,2,6,7
"SRR5354888",1,2,1,2,1,3,2,2,2,1,1,1,1
"SRR3986141",8,8,9,8,9,3,9,9,3,9,1,9,1
"SRR5355714",6,6,5,6,6,7,6,6,9,7,7,8,6
"SRR5353439",4,1,3,3,2,1,3,3,7,2,2,2,4
"SRR5354686",2,3,2,1,7,2,7,7,3,4,3,4,2
"SRR5355698",6,6,5,6,6,7,6,6,3,7,7,8,6
"SRR3986194",8,8,9,8,9,3,9,9,3,9,5,9,1
"SRR3986087",3,4,8,7,8,9,5,5,6,5,4,7,5
"SRR5353756",5,1,4,4,3,4,4,4,4,6,2,6,7
"SRR5354460",2,3,1,1,7,1,1,1,1,2,5,2,4
"SRR5353692",5,1,4,4,3,4,4,4,1,6,2,6,2
"SRR5355715",6,6,5,6,6,7,6,6,9,7,7,8,6
"SRR5353706",5,1,4,4,3,4,4,4,7,6,2,6,7
"SRR5355677",6,6,5,6,6,7,6,6,9,7,7,8,6
"SRR5354258",1,3,1,1,7,1,1,1,1,4,3,4,2
"SRR5354647",3,4,2,1,3,2,1,1,1,4,3,3,2
"SRR5354800",3,3,2,1,4,2,1,1,7,6,3,3,3
"SRR5355071",3,4,8,7,8,9,5,5,7,1,1,7,5
"SRR5354698",1,2,1,1,1,6,2,2,6,4,3,1,2
"SRR3986091",3,4,8,7,8,9,5,5,6,5,4,7,5
"SRR5354830",6,4,8,7,6,9,5,5,3,7,4,5,5
"SRR5354199",2,5,2,1,4,8,1,1,5,3,6,3,3
"SRR5355881",1,2,1,2,1,6,2,2,2,1,1,1,1
"SRR5353694",5,1,4,4,3,4,4,4,7,6,5,6,7
"SRR5354107",3,4,6,5,5,5,5,5,2,5,4,5,5
"SRR5354723",5,4,6,1,3,4,5,4,1,5,4,6,7
"SRR5355700",6,6,5,6,6,7,6,6,8,7,7,8,6
"SRR5353740",3,4,6,5,5,5,5,5,7,5,4,5,5
"SRR5353701",5,1,4,4,3,4,4,4,4,6,2,6,7
"SRR5355633",6,6,5,6,6,7,6,6,9,7,7,8,6
"SRR5354035",2,3,2,1,4,8,1,1,3,3,3,3,3
"SRR5354678",2,3,2,1,4,2,1,1,5,3,3,3,3
"SRR5355315",2,5,2,1,4,8,1,1,4,3,1,3,3
"SRR5355185",2,5,2,1,4,8,1,1,5,3,6,3,3
"SRR5354777",3,3,4,4,3,4,4,1,7,4,3,4,2
"SRR5354236",2,5,2,1,4,2,1,1,5,3,3,3,3
"SRR5355929",1,2,1,2,1,6,2,2,3,1,5,1,1
"SRR5354050",3,4,6,5,5,5,5,5,3,5,4,7,5
"SRR5354267",3,4,3,1,8,1,3,5,1,2,9,7,2
"SRR5354660",3,3,2,1,3,2,1,1,5,3,3,6,2
"SRR5355480",7,7,7,5,5,5,8,8,9,8,8,5,8
"SRR5354769",5,1,2,1,3,2,1,1,3,3,9,6,2
"SRR5353732",5,1,4,4,3,4,4,4,4,6,2,6,7
"SRR5355014",8,2,1,2,1,3,2,2,2,1,1,1,1
"SRR5354342",2,3,2,1,4,2,1,1,4,3,3,3,3
"SRR5355322",2,5,2,1,4,8,1,1,5,3,5,3,3
"SRR5353716",5,1,4,4,3,4,4,4,4,6,2,6,7
"SRR5354171",1,2,1,2,1,6,2,2,2,1,1,1,1
"SRR5354710",1,3,1,2,1,6,7,2,5,1,1,1,1
"SRR3986038",3,4,8,7,8,1,5,5,3,5,4,7,5
"SRR5353891",4,1,3,3,2,1,3,3,7,2,2,2,4
"SRR5354099",8,2,1,2,1,6,2,2,2,1,1,9,1
"SRR5354756",3,3,4,1,3,4,4,4,6,4,9,6,2
"SRR5355734",6,6,5,6,6,7,6,6,9,7,7,8,6
"SRR5353442",4,1,3,3,2,1,3,3,7,2,2,2,4
"SRR5353432",4,1,3,3,2,1,3,3,7,2,2,2,4
"SRR5354033",9,1,4,4,3,4,7,7,3,4,1,7,7
"SRR5354486",2,3,2,1,3,4,1,1,3,4,3,4,2
"SRR5354793",5,4,4,4,3,4,4,4,2,4,5,4,2
"SRR5354169",2,3,2,1,7,2,1,1,1,4,3,3,2
"SRR5354006",3,3,2,1,4,2,1,1,7,3,3,3,3
"SRR5355749",6,6,5,6,6,7,6,6,9,7,7,8,6
"SRR5353977",2,3,2,1,4,2,1,1,7,3,3,3,3
"SRR5354837",8,2,1,2,1,3,2,2,2,1,1,9,1
"SRR5354625",2,3,2,1,7,2,1,1,5,3,3,4,2
"SRR5354803",3,4,4,4,3,4,4,4,1,4,3,4,2
"SRR5355644",6,6,5,6,6,7,6,6,8,7,7,8,6
"SRR5353440",4,1,3,3,2,1,3,3,7,2,5,2,7
"SRR5356067",1,2,1,2,1,3,2,2,2,1,1,1,1
"SRR5353995",3,3,4,4,3,4,4,4,1,3,6,4,2
"SRR3986188",8,8,9,8,1,3,9,9,3,9,4,9,1
"SRR5354312",3,4,1,1,2,4,4,3,1,4,5,7,2
"SRR5355520",7,7,7,5,5,5,8,8,8,8,8,5,8
"SRR5354018",5,1,4,4,3,4,4,4,7,6,2,6,2
"SRR3986063",3,4,8,7,8,9,5,5,8,5,4,7,5
"SRR5354310",1,2,3,1,1,6,3,2,6,2,9,7,5
"SRR5355054",3,2,8,2,1,6,5,5,6,1,1,7,5
"SRR5354382",1,3,1,1,1,4,7,2,3,4,4,7,2
"SRR5354615",3,1,3,1,8,1,3,3,4,2,9,2,4
"SRR5355020",1,4,8,2,1,9,2,2,3,1,4,7,5
"SRR5355107",2,5,2,1,4,8,1,1,5,3,6,3,3
"SRR5354230",2,3,2,1,4,1,1,1,7,3,3,3,3
"SRR5353965",4,1,4,4,3,1,7,7,7,6,2,6,7
"SRR5353655",4,1,3,3,2,1,3,3,4,2,2,2,4
"SRR5354488",2,3,4,4,3,2,1,1,1,4,3,4,2
"SRR5353497",4,1,3,3,2,1,3,3,7,2,2,2,4
"SRR5355487",7,7,7,5,5,5,8,8,8,8,8,5,8
"SRR5355712",6,6,5,6,6,7,6,6,3,7,4,8,6
"SRR5354291",2,3,2,1,3,2,1,1,1,3,3,3,2
"SRR5354436",2,3,2,1,4,2,1,1,7,3,3,3,3
"SRR5353566",3,1,3,3,2,1,3,3,1,2,5,2,4
"SRR5355619",6,6,5,6,6,7,6,6,8,7,7,8,6
"SRR5355252",2,5,2,9,4,2,1,1,5,3,6,4,3
"SRR5354305",2,3,2,1,4,2,1,1,7,3,3,3,3
"SRR3986072",3,4,8,7,8,9,5,5,3,5,4,7,5
"SRR5353642",4,1,3,3,2,1,3,3,1,2,5,2,2
"SRR5354757",2,3,2,1,4,2,1,1,7,3,3,3,3
"SRR5353963",1,4,6,5,5,4,4,4,1,4,4,5,1
"SRR5354186",1,3,2,1,7,1,1,1,3,1,3,4,2
"SRR5354030",2,5,2,9,4,2,1,1,3,3,6,4,9
"SRR5355681",6,6,5,6,6,7,6,6,8,7,7,8,6
"SRR5355214",2,5,2,9,4,8,1,1,1,3,6,4,9
"SRR3986186",8,8,9,8,9,3,9,9,3,9,1,9,1
"SRR5354919",1,2,1,2,1,5,2,2,2,1,1,1,1
"SRR3986043",3,4,8,7,8,9,5,5,3,5,4,7,5
"SRR5354213",4,3,3,1,2,1,3,1,4,4,3,2,4
"SRR5354045",5,1,4,4,3,4,4,4,7,6,2,6,7
"SRR5353453",4,1,3,3,2,1,3,5,1,5,5,7,2
"SRR5353454",4,1,3,3,2,1,3,3,1,2,5,2,4
"SRR5354656",3,4,3,1,2,1,3,3,4,2,5,1,2
"SRR5354248",2,3,2,1,7,2,1,1,5,3,3,3,2
"SRR5354826",1,2,1,2,1,3,2,2,2,1,1,1,1
"SRR5354172",2,3,2,1,4,2,1,1,4,3,3,3,3
"SRR5353620",4,1,3,3,2,1,3,3,1,2,5,2,2
"SRR5355074",6,4,7,5,5,9,5,5,8,1,4,5,5
"SRR5354290",2,3,2,1,7,2,1,1,1,4,3,4,2
"SRR5353959",3,2,1,4,1,6,7,7,2,4,1,4,5
"SRR5355614",6,6,5,6,6,7,6,6,8,7,7,8,6
"SRR5355154",2,5,2,1,4,8,1,1,5,3,6,3,3
"SRR5353525",5,1,3,3,2,1,3,3,1,2,5,2,2
"SRR5354677",2,3,2,1,7,4,7,7,3,4,3,4,2
"SRR3986172",8,8,9,8,9,3,9,9,3,9,5,9,1
"SRR5355768",6,6,5,6,6,7,6,6,9,7,7,8,6
"SRR5353917",5,1,3,3,2,1,3,3,7,2,2,2,7
"SRR5356155",1,2,1,2,1,3,7,7,5,1,1,1,1
"SRR5355149",2,5,2,1,4,8,1,1,5,3,6,3,3
"SRR5355327",2,5,2,1,4,8,1,1,4,3,5,3,3
"SRR5353557",4,1,3,3,2,1,3,3,4,2,2,2,4
"SRR5354073",3,4,6,5,5,5,5,5,6,5,4,5,5
"SRR5353425",4,1,3,3,2,1,3,3,4,2,2,2,4
"SRR5356025",1,9,1,2,1,3,2,2,2,1,1,9,1
"SRR5354853",1,2,1,2,1,3,2,2,2,1,1,1,1
"SRR5355058",1,2,1,2,1,3,2,2,2,1,1,1,1
"SRR5354555",5,1,3,1,2,1,3,3,1,2,9,2,4
"SRR5354064",3,4,6,5,5,5,5,5,6,5,4,5,5
"SRR5354174",2,3,2,1,4,2,1,1,4,3,3,3,3
"SRR5353747",5,1,4,4,3,4,4,4,7,6,2,6,7
"SRR5353962",1,3,4,4,3,4,4,4,7,4,5,4,2
"SRR5354451",3,3,3,1,3,2,3,2,4,2,9,6,7
"SRR5355131",2,5,2,1,4,8,1,1,5,3,6,3,3
"SRR5353385",4,1,3,3,2,1,3,3,7,2,2,2,4
"SRR5354646",3,4,1,1,5,4,4,2,1,4,9,4,2
"SRR5354551",2,3,2,1,7,2,1,1,5,3,3,3,2
"SRR5354299",1,3,1,1,1,6,2,2,6,1,5,7,1
"SRR5353423",4,1,3,3,2,1,3,3,7,2,2,2,4
"SRR3986036",3,4,8,7,8,9,5,5,3,5,4,7,5
"SRR5355066",1,2,1,2,1,3,2,2,2,1,1,1,1
"SRR5355329",2,5,2,1,4,8,1,1,5,3,3,3,3
"SRR5355083",1,2,1,2,1,3,2,2,2,1,1,1,1
"SRR5354235",2,3,2,1,7,2,1,1,2,4,3,4,2
"SRR5355602",6,6,5,6,6,7,6,6,6,7,4,8,6
"SRR5354087",3,4,6,5,3,5,5,5,6,5,4,5,5
"SRR5353702",5,1,4,4,3,4,4,4,6,6,2,6,7
"SRR5354529",3,2,3,1,1,6,3,2,4,2,9,7,5
"SRR5354323",2,3,2,1,4,2,1,1,7,3,3,3,3
"SRR5354667",1,3,2,1,3,2,7,1,5,4,3,4,2
"SRR3986032",4,4,8,7,8,9,5,5,6,2,4,7,5
"SRR5353971",5,4,4,4,3,4,4,4,1,6,5,6,2
"SRR5354568",2,3,2,1,7,2,1,1,1,4,3,4,2
"SRR5355745",6,6,5,6,6,7,6,6,8,7,7,8,6
"SRR5354271",4,3,4,1,3,4,4,4,7,6,5,6,2
"SRR5353956",5,1,4,4,3,4,4,4,7,6,2,6,7
"SRR5353526",4,1,3,3,2,1,3,3,7,2,5,2,4
"SRR5353512",4,1,3,3,2,1,3,3,7,2,2,2,4
"SRR5353961",5,4,4,4,3,4,4,4,1,4,5,4,2
"SRR5353713",5,1,4,4,3,4,4,4,4,6,2,6,7
"SRR5353639",4,1,3,3,2,1,3,3,4,2,2,2,4
"SRR5354076",3,4,6,5,3,5,5,5,6,5,4,5,5
"SRR5355895",1,2,1,2,1,6,2,2,2,1,1,7,1
"SRR5355979",1,2,1,2,1,6,7,2,6,1,1,1,1
"SRR5354459",2,3,2,1,2,1,1,1,7,4,3,3,2
"SRR5354318",2,3,2,1,3,2,1,1,7,3,3,3,3
"SRR5354341",2,3,2,1,4,8,1,1,4,3,3,3,3
"SRR5353570",4,1,3,3,2,1,3,3,1,2,5,2,2
"SRR5353831",5,1,4,4,3,4,4,4,1,6,2,6,7
"SRR5354114",5,4,6,5,5,5,5,5,6,5,4,5,5
"SRR5353386",4,1,3,3,2,1,3,3,4,2,2,2,4
"SRR5355658",6,6,5,6,6,7,6,6,8,7,7,8,6
"SRR5355377",2,5,2,1,4,8,1,1,7,3,9,3,3
"SRR5353430",4,1,3,3,2,1,3,3,7,2,2,2,4
"SRR5355116",2,5,2,1,4,8,1,1,5,3,6,3,3
"SRR5353481",4,1,3,3,2,1,3,3,1,2,2,2,4
"SRR5353480",4,1,3,3,2,1,3,3,1,2,5,7,2
"SRR5355678",6,6,5,6,6,7,6,6,9,7,7,8,6
"SRR5355596",6,6,5,6,6,7,6,6,8,7,7,8,6
"SRR5355262",2,5,2,9,4,8,1,1,1,3,6,3,3
"SRR5355052",1,2,1,2,1,3,2,2,2,1,1,1,1
"SRR5355103",1,2,1,2,8,9,2,2,6,1,1,7,5
"SRR5353934",5,1,3,3,2,1,3,3,7,2,2,2,7
"SRR5353845",5,1,4,4,3,4,4,4,7,6,2,6,7
"SRR5353746",5,1,4,4,3,4,4,4,4,6,2,6,7
"SRR5356103",6,6,5,6,6,7,6,6,3,7,7,8,6
"SRR5353457",4,1,3,3,2,1,3,3,7,2,2,2,7
"SRR5355336",2,5,2,1,4,8,1,1,5,3,5,3,3
"SRR5354838",1,2,1,2,1,3,2,2,2,1,1,1,1
"SRR5353836",5,1,4,4,3,4,4,4,7,6,2,6,7
"SRR5353608",4,1,3,3,2,1,3,3,7,2,2,2,4
"SRR5353396",4,1,3,3,2,1,3,3,7,2,2,2,4
"SRR5354010",5,1,4,4,3,4,4,4,5,6,2,6,7
"SRR5356138",1,2,1,2,1,3,2,2,2,1,1,1,1
"SRR5355736",6,6,5,6,6,7,6,6,3,1,1,8,6
"SRR5353574",4,1,3,3,2,1,3,3,1,2,5,2,2
"SRR5355561",7,7,7,5,5,5,8,8,8,8,8,5,8
"SRR5354675",2,3,2,1,7,2,1,1,4,3,3,3,3
"SRR5355379",2,5,2,9,4,8,1,1,1,3,3,4,9
"SRR5354890",1,2,1,2,1,3,2,2,2,1,1,7,1
"SRR5354788",9,5,4,4,3,2,7,7,3,4,1,6,3
"SRR5354790",5,4,4,4,3,4,4,4,1,4,5,4,2
"SRR5355547",7,7,7,5,5,5,8,8,8,8,8,5,8
"SRR5355713",6,6,5,6,6,7,6,6,2,7,1,8,6
"SRR5354532",1,2,1,1,1,6,2,2,3,4,1,1,1
"SRR3986096",3,4,8,7,8,9,5,5,6,5,4,7,5
"SRR5354430",4,4,3,3,2,1,3,5,6,2,9,7,2
"SRR5353465",4,1,3,3,2,1,3,3,1,2,5,2,2
"SRR5353727",3,1,4,4,3,4,4,4,1,6,5,4,2
"SRR3986054",1,4,8,7,1,9,5,5,3,1,4,7,5
"SRR5354758",3,3,4,4,3,2,1,1,1,4,3,4,2
"SRR5353473",5,1,3,3,2,1,3,3,1,2,5,2,2
"SRR5354077",3,4,6,5,5,5,5,5,3,5,4,5,5
"SRR5353631",4,1,3,3,2,1,3,3,4,2,2,2,4
"SRR5354266",2,3,2,1,4,2,1,1,1,4,3,4,2
"SRR5355065",1,2,1,2,1,3,2,2,2,1,1,1,1
"SRR5354861",1,2,1,1,1,3,2,2,2,4,4,1,1
"SRR5353389",4,1,3,3,2,1,3,3,7,2,2,2,7
"SRR5354767",3,3,4,4,3,2,4,1,1,4,3,4,2
"SRR5353475",5,1,3,3,2,1,3,3,5,2,5,2,2
"SRR5354160",2,3,2,1,4,2,1,1,7,3,3,3,3
"SRR5353619",4,1,3,3,2,1,3,3,7,2,2,2,4
"SRR5354860",1,2,1,2,1,3,2,2,2,1,1,1,1
"SRR3986052",3,4,8,7,8,9,5,5,6,5,4,7,5
"SRR5354350",1,3,2,1,2,1,7,7,3,4,3,4,2
"SRR5355603",6,6,5,6,6,7,6,6,2,7,7,8,6
"SRR5353579",4,1,3,3,2,1,3,3,7,2,5,2,4
"SRR5354302",2,3,2,1,7,2,1,1,4,4,9,7,2
"SRR5354153",1,2,2,1,1,1,7,7,3,1,5,3,2
"SRR5354855",1,2,1,2,1,3,2,2,2,1,1,1,1
"SRR5354792",5,4,4,4,3,4,4,4,1,6,5,6,2
"SRR5354604",3,4,3,1,1,6,3,2,6,2,9,7,5
"SRR5353529",4,4,3,3,2,1,3,3,5,2,5,2,2
"SRR5355699",6,6,5,6,6,7,6,6,8,7,7,8,6
"SRR5353689",5,1,4,4,3,4,4,4,4,6,2,6,7
"SRR5353560",4,1,3,3,2,1,3,3,7,2,5,2,4
"SRR5354703",2,3,2,1,4,8,1,1,5,3,6,3,3
"SRR5354708",1,4,1,1,1,6,2,2,6,2,9,7,2
"SRR5353723",5,1,4,4,3,4,4,4,4,6,2,6,7
"SRR5354762",3,3,2,4,7,2,1,1,2,4,1,4,2
"SRR5353403",4,1,3,3,2,1,3,3,7,2,2,2,7
"SRR5353988",2,5,2,9,4,2,1,1,1,3,6,4,9
"SRR5354873",1,2,1,2,1,3,2,2,2,1,1,1,1
"SRR5354093",3,4,6,5,5,5,5,5,3,5,4,5,5
"SRR5354203",2,3,2,1,4,2,1,1,4,3,3,3,3
"SRR5353408",4,1,3,3,2,1,3,3,7,2,5,2,4
"SRR5354218",1,4,3,1,7,1,3,5,3,4,4,7,2
"SRR5355891",1,2,1,2,1,3,2,2,2,1,1,1,1
"SRR5354023",5,1,4,4,3,4,4,4,7,6,9,6,4
"SRR5353531",5,1,3,3,2,1,3,3,7,2,2,2,7
"SRR5353601",3,1,3,3,2,1,3,3,1,2,5,7,2
"SRR5353926",4,1,3,3,2,1,3,3,7,2,2,2,4
"SRR5354537",5,4,1,1,3,4,2,2,4,4,9,4,2
"SRR5353392",4,1,3,3,2,1,3,3,1,2,5,2,2
"SRR5355873",1,2,1,2,1,6,2,2,3,1,4,1,1
"SRR5354764",2,4,4,4,3,4,1,1,1,3,3,4,2
"SRR5354534",3,4,1,1,1,6,2,2,1,1,9,7,5
"SRR3986203",8,8,9,8,9,3,9,9,3,9,2,9,1
"SRR5354651",2,3,2,4,3,4,7,7,6,4,3,4,2
"SRR5353419",4,1,3,3,2,1,3,3,7,2,2,2,4
"SRR5354159",3,3,1,1,1,1,1,2,3,4,9,3,2
"SRR3986148",8,8,9,8,9,3,9,9,2,9,5,9,1
"SRR5353814",5,1,4,4,3,4,4,4,4,6,2,6,7
"SRR5355912",1,2,1,2,1,7,2,2,6,1,1,1,1
"SRR5354554",2,5,2,1,4,8,1,1,5,3,3,3,3
"SRR5354908",6,6,5,6,6,7,6,6,8,7,4,8,6
"SRR5355740",6,6,5,6,6,7,6,6,9,7,7,8,6
"SRR5355693",6,6,5,6,6,7,6,6,6,7,7,8,6
"SRR5354772",2,3,2,1,4,2,1,1,7,3,3,3,3
"SRR5355049",1,2,1,2,1,3,2,2,2,1,4,1,1
"SRR5353911",4,1,3,3,2,1,3,3,7,2,5,2,4
"SRR5354391",1,3,1,1,1,1,2,2,2,1,1,4,1
"SRR5354353",4,3,3,3,2,1,3,3,4,2,5,2,7
"SRR5355938",1,2,1,2,1,6,2,2,5,1,1,1,1
"SRR5356065",6,2,1,2,1,3,2,2,3,1,1,8,1
"SRR5353398",4,4,3,3,2,1,3,5,1,2,5,7,2
"SRR5356071",6,6,5,2,6,3,2,2,3,7,1,1,6
"SRR5353447",4,1,3,3,2,1,3,3,7,2,2,2,4
"SRR5355019",1,2,1,2,1,3,2,2,2,1,1,1,1
"SRR5353502",4,1,3,3,2,1,3,3,4,2,2,2,4
"SRR5354885",1,2,1,2,1,3,2,2,2,1,1,1,1
"SRR5355076",1,2,1,2,1,6,2,2,3,1,1,1,1
"SRR5354899",6,4,6,7,6,7,6,6,8,7,7,8,6
"SRR5354085",3,4,6,5,5,5,5,5,2,5,4,5,6
"SRR5356063",1,2,1,2,1,3,2,2,3,1,1,1,1
"SRR5354078",3,4,1,2,1,6,2,2,2,1,1,1,2
"SRR5353687",5,1,4,4,3,4,4,4,4,6,2,6,7
"SRR5354435",2,3,2,1,4,2,1,1,5,4,3,3,2
"SRR3986100",3,4,8,7,8,9,5,5,3,5,4,7,5
"SRR3986149",8,8,9,8,9,3,9,9,3,9,5,9,1
"SRR5354877",1,4,8,7,8,9,5,5,8,5,4,5,5
"SRR5353605",4,1,3,3,2,1,3,3,7,2,2,2,7
"SRR5354784",2,3,2,1,3,2,1,1,3,3,3,4,2
"SRR5355478",7,7,7,5,6,9,7,7,8,5,4,5,5
"SRR5356049",1,9,1,2,1,6,7,7,6,1,1,5,1
"SRR5354856",1,2,1,2,1,3,2,2,2,1,1,1,1
"SRR3986068",3,4,8,7,2,9,5,5,6,5,4,7,5
"SRR5354031",1,7,4,4,3,4,4,4,1,6,1,6,7
"SRR5354536",1,2,1,2,1,6,2,2,6,1,1,1,1
"SRR5355061",1,2,1,2,1,3,2,2,3,1,1,1,1
"SRR5353511",4,1,3,3,2,1,3,3,7,2,5,2,2
"SRR5354242",2,3,2,1,4,2,1,1,4,3,3,3,3
"SRR5353720",5,1,4,4,3,4,4,4,1,6,5,6,2
"SRR5354475",3,4,1,1,3,4,4,4,1,4,5,4,2
"SRR5354176",4,4,8,7,8,9,5,5,1,4,4,7,5
"SRR5355312",2,5,2,1,4,8,1,1,4,3,9,3,3
"SRR5355241",2,5,2,9,3,2,1,1,5,3,6,4,9
"SRR5354465",2,3,2,1,4,8,1,1,5,3,3,3,3
"SRR5353975",5,1,4,4,3,4,4,4,5,6,5,4,2
"SRR5353955",5,1,4,4,3,4,4,4,7,6,2,6,7
"SRR5354216",4,1,3,3,2,1,5,5,1,4,4,7,2
"SRR3986201",8,8,9,8,9,3,9,9,3,9,1,9,1
"SRR5355056",1,2,1,2,1,3,2,2,3,1,1,1,1
"SRR5354196",3,4,8,7,8,1,5,5,1,5,4,7,5
"SRR5354084",3,4,6,5,5,5,5,5,3,5,4,5,5
"SRR3986216",8,8,9,8,9,3,9,9,3,9,1,9,1
"SRR3986080",3,4,6,5,3,5,5,5,1,6,4,5,8
"SRR5355486",7,7,7,5,5,5,8,8,8,8,8,5,8
"SRR5353827",3,4,4,4,3,4,4,4,1,4,5,4,2
"SRR5355265",2,5,2,9,4,8,1,1,5,3,6,3,3
"SRR5355029",1,4,1,2,1,3,2,2,5,1,1,1,1
"SRR5354847",1,2,1,2,1,3,2,2,2,1,1,1,1
"SRR5354770",3,4,4,4,3,2,1,1,5,4,3,4,2
"SRR5354072",5,4,6,5,5,5,5,5,3,5,4,5,8
"SRR5355204",2,5,2,9,4,2,1,1,1,3,6,4,9
"SRR5354239",4,1,3,3,2,1,3,3,4,2,2,2,4
"SRR5354748",3,4,6,1,5,4,3,5,6,2,9,6,5
"SRR5356029",1,9,1,2,1,3,2,2,3,1,1,1,1
"SRR5353992",5,1,4,4,3,4,4,4,7,6,2,6,7
"SRR5353730",5,1,4,4,3,4,4,4,7,6,2,6,7
"SRR5355707",6,6,5,6,6,7,6,6,8,7,7,8,6
"SRR5356036",1,9,1,2,1,6,7,7,3,1,1,9,1
"SRR5354763",3,4,4,4,1,4,4,4,3,4,1,4,2
"SRR5353893",4,1,3,3,2,1,3,3,4,2,2,2,4
"SRR5353466",5,1,3,3,2,1,3,3,1,2,5,2,2
"SRR5353705",3,4,4,4,3,4,4,4,1,4,5,4,2
"SRR5354804",3,4,6,5,3,4,5,5,1,5,4,6,5
"SRR3986082",4,4,8,7,8,9,5,5,6,5,4,7,5
"SRR5354889",1,2,1,2,1,3,2,2,2,1,1,1,1
"SRR5355617",6,6,5,6,6,7,6,6,8,7,7,8,6
"SRR5355593",6,6,5,6,6,7,6,6,8,7,7,8,6
"SRR3986183",8,8,9,8,9,3,9,9,6,9,1,9,1
"SRR5354034",5,1,4,4,3,4,4,4,5,6,2,6,7
"SRR5354638",2,3,2,1,7,2,1,1,3,3,3,3,2
"SRR5356043",3,9,8,2,1,3,7,2,6,1,4,7,5
"SRR5353524",4,1,3,3,2,1,3,3,7,2,2,2,4
"SRR5354175",2,3,2,1,7,2,1,1,2,4,3,4,2
"SRR5353924",4,1,3,3,2,1,3,3,7,2,2,2,4
"SRR5353843",5,1,4,4,3,4,4,4,7,6,2,6,7
"SRR5354074",3,4,6,5,5,5,5,5,6,5,4,5,5
"SRR5355286",2,5,2,9,4,2,1,1,5,3,6,3,3
"SRR5354562",2,3,2,1,7,2,1,1,4,4,3,4,2
"SRR5356050",1,9,1,2,1,6,7,7,3,1,1,1,1
"SRR5354331",2,3,2,1,4,2,1,1,4,3,3,3,3
"SRR5353668",5,1,4,4,3,4,4,4,4,6,2,6,7
"SRR5354079",1,2,1,2,1,6,2,2,2,1,1,1,1
"SRR5356104",1,2,1,2,1,3,2,2,3,1,1,1,1
"SRR5354863",3,4,8,7,5,9,5,5,8,5,4,5,5
"SRR5354246",2,3,2,1,4,2,1,1,1,4,3,3,2
"SRR5354202",2,3,2,1,2,1,1,1,5,4,3,3,2
"SRR3986163",8,8,9,8,9,3,9,9,3,9,1,9,1
"SRR3986171",8,8,9,8,9,3,9,9,3,9,5,9,1
"SRR5353984",5,1,4,4,3,4,4,4,4,6,2,6,7
"SRR5353519",5,1,3,3,2,1,3,3,4,2,2,2,7
"SRR5354001",5,1,4,4,3,4,4,4,4,6,2,6,7
"SRR5354574",1,2,1,1,1,6,2,2,4,1,9,7,5
"SRR5354334",2,5,2,1,4,8,1,1,5,3,3,3,3
"SRR5354759",2,3,4,4,3,2,1,4,1,4,3,4,2
"SRR5354025",5,1,4,4,3,4,4,4,7,6,2,6,7
"SRR3986034",4,4,8,7,2,9,5,5,6,2,4,7,5
"SRR5353644",4,1,3,3,2,1,3,3,1,2,5,2,2
"SRR5353382",3,1,3,3,2,1,3,3,7,2,2,2,4
"SRR5353829",5,1,4,4,3,4,4,4,1,6,5,6,2
"SRR5354543",3,4,3,1,3,4,3,3,4,2,5,7,2
"SRR5355605",6,6,5,6,6,7,6,6,8,7,7,8,6
"SRR5353780",5,1,4,4,3,4,4,4,1,6,2,6,7
"SRR5353484",4,1,3,3,2,1,3,3,1,2,5,2,4
"SRR5354221",2,3,2,1,2,1,1,1,1,4,3,3,2
"SRR5353435",4,1,3,3,2,1,3,3,4,2,2,2,4
"SRR5355573",7,7,7,5,5,5,8,8,8,8,8,5,8
"SRR5354780",3,4,4,4,3,4,4,4,1,4,4,4,2
"SRR3986081",3,4,8,7,8,9,5,5,3,5,4,7,5
"SRR5354779",2,3,2,4,4,2,1,1,3,4,3,4,2
"SRR5353499",4,1,3,3,2,1,3,3,6,2,2,2,4
"SRR5353636",4,1,3,3,2,1,3,3,4,2,2,2,4
"SRR5355668",6,6,5,6,6,7,6,6,8,7,7,8,6
"SRR5355521",7,7,7,5,5,5,8,8,8,8,8,5,8
"SRR5355899",1,2,1,2,8,6,7,7,3,1,1,1,1
"SRR5354848",1,2,1,2,1,3,2,2,2,1,1,1,1
"SRR3986099",4,4,8,7,8,9,5,5,6,1,4,7,5
"SRR5353667",5,1,4,4,3,4,4,4,7,6,2,6,7
"SRR5354799",3,4,4,4,3,4,4,4,5,4,9,6,2
"SRR5354875",1,2,1,7,6,9,2,5,2,1,4,8,6
"SRR5354269",2,3,2,1,4,8,1,1,4,3,3,3,3
"SRR5354111",3,4,6,5,5,5,5,5,3,5,4,5,5
"SRR5353622",5,1,4,4,3,4,4,4,5,6,3,4,2
"SRR5353898",4,1,3,3,2,1,3,3,4,2,2,2,7
"SRR3986077",3,4,8,7,8,9,5,5,3,5,4,7,5
"SRR5353390",4,1,3,3,2,1,3,3,7,2,5,2,4
"SRR5354021",3,4,4,4,3,4,4,4,3,4,3,4,2
"SRR5354011",5,1,4,4,3,4,4,4,4,6,2,6,7
"SRR5354121",3,4,6,5,5,5,5,5,6,5,4,5,5
"SRR5354222",2,3,2,1,4,2,1,1,4,3,3,3,3
"SRR3986170",8,8,9,8,9,3,9,9,3,9,5,9,1
"SRR5353527",4,1,3,3,2,1,3,3,6,2,5,2,4
"SRR5353932",4,1,3,3,2,1,3,3,4,2,2,2,4
"SRR5354037",5,1,4,4,3,4,4,4,7,6,2,6,7
"SRR5354227",4,1,3,3,2,1,3,3,4,2,9,2,4
"SRR5354181",4,3,2,1,4,1,1,1,4,3,3,3,3
"SRR5355036",6,2,1,2,1,3,2,2,3,1,1,1,1
"SRR5354825",1,2,1,2,1,3,2,2,2,1,1,1,1
"SRR5355997",1,2,1,2,1,3,7,7,5,1,1,1,1
"SRR5354726",5,1,4,4,3,4,4,4,4,6,2,6,7
"SRR5354900",1,2,1,2,1,3,2,2,2,1,1,1,1
"SRR5353507",4,1,3,3,2,1,3,3,4,2,2,2,4
"SRR5354095",6,4,6,5,5,5,5,5,6,5,4,5,5
"SRR5354158",3,4,1,1,7,1,1,1,3,4,3,7,2
"SRR5354149",1,2,1,1,1,3,2,2,2,4,4,1,1
"SRR5355723",6,6,5,6,6,7,6,6,3,7,7,8,6
"SRR5354281",3,3,3,1,2,1,3,3,4,2,2,2,4
"SRR5354735",3,4,4,4,3,4,4,4,1,4,5,4,2
"SRR5353983",5,3,4,4,3,4,4,4,4,6,2,6,7
"SRR3986168",8,8,9,8,9,3,9,9,6,9,5,9,1
"SRR5356083",6,6,5,6,6,7,2,2,3,7,7,8,6
"SRR5353714",3,4,4,4,3,4,4,4,1,6,5,4,2
"SRR5355105",2,5,2,1,4,8,1,1,5,3,6,3,3
"SRR5356070",6,2,1,2,6,7,2,2,1,1,4,5,5
"SRR5353826",5,4,4,4,3,4,4,4,1,6,5,6,2
"SRR5354044",5,3,4,4,4,2,4,4,5,4,2,3,7
"SRR5353807",5,1,4,4,3,4,4,4,4,6,2,6,7
"SRR5354252",2,3,1,1,1,4,7,7,1,4,5,1,2
"SRR5353424",4,1,3,3,2,1,3,3,1,2,5,2,2
"SRR5354595",3,3,1,1,3,5,4,4,1,4,5,4,2
"SRR5354054",3,4,1,2,1,6,2,2,2,1,1,7,1
"SRR5354032",5,1,4,4,3,4,4,4,1,6,2,6,7
"SRR5355951",1,2,1,2,1,6,2,2,2,1,1,1,1
"SRR5354097",3,4,6,5,5,5,5,5,4,5,4,5,5
"SRR3986060",3,4,8,7,8,9,5,5,6,5,4,7,5
"SRR5353896",4,1,3,3,2,1,3,3,4,2,2,2,4
"SRR5354581",1,3,1,1,1,6,7,7,1,1,9,1,2
"SRR3986179",8,8,9,8,9,3,9,9,3,9,1,9,1
"SRR5353652",4,1,3,3,2,1,3,3,4,2,2,2,4
"SRR5355024",1,2,1,2,1,6,2,2,6,1,1,1,1
"SRR5354566",2,3,2,1,7,2,1,1,5,4,9,7,2
"SRR5353819",5,1,4,4,3,4,4,4,7,6,2,6,7
"SRR5355060",1,2,1,2,1,6,2,2,3,1,1,1,1
"SRR5355461",7,4,7,5,5,9,8,8,9,8,8,5,8
"SRR5355248",2,5,2,9,4,2,1,1,5,3,6,4,3
"SRR5353729",5,1,4,4,3,4,4,4,4,6,2,6,7
"SRR5354345",2,3,2,1,4,2,1,1,4,4,3,3,3
"SRR5355186",2,5,2,1,4,8,1,1,5,3,6,3,3
"SRR5355546",7,7,7,5,5,5,8,8,9,8,8,5,8
"SRR5354412",3,3,3,1,2,1,3,3,5,2,5,2,7
"SRR5353558",4,1,3,3,2,1,3,3,5,2,5,2,4
"SRR3986079",4,4,8,7,2,1,5,5,6,2,4,7,5
"SRR5354469",2,3,2,1,7,2,1,1,3,4,3,4,2
"SRR5355759",6,6,5,6,1,7,7,7,3,1,1,1,6
"SRR5354538",2,3,2,1,7,2,1,1,5,3,3,3,3
"SRR5353869",4,1,3,3,2,1,3,3,4,2,5,2,7
"SRR5354321",3,4,6,1,8,5,5,5,4,2,2,5,4
"SRR5355720",6,6,5,6,6,7,6,6,8,7,7,8,6
"SRR5355503",7,7,7,5,5,5,8,8,9,8,8,5,8
"SRR5354621",1,3,2,1,7,2,1,1,5,3,3,3,2
"SRR5354510",1,3,1,1,1,4,1,2,3,4,3,4,2
"SRR5353825",5,4,4,4,3,4,4,4,1,6,5,6,2
"SRR3986125",8,8,9,8,9,3,9,9,3,9,5,9,1
"SRR5353500",4,1,3,3,2,1,3,3,4,2,2,2,4
"SRR5355090",3,2,8,2,1,6,5,5,7,5,4,7,5
"SRR5354760",1,3,4,4,1,4,4,1,2,4,1,4,2
"SRR5354785",2,3,4,4,3,2,1,1,1,4,3,4,9
"SRR5353653",4,1,3,3,2,1,3,3,4,2,2,2,4
"SRR5353990",5,1,4,4,3,4,4,4,4,6,2,6,7
"SRR3986202",8,8,9,8,9,3,9,9,3,9,9,9,1
"SRR5353907",5,1,3,3,2,1,3,3,7,2,2,2,4
"SRR5354148",2,5,2,1,4,8,1,1,5,3,6,3,3
"SRR3986042",3,4,8,7,8,9,5,5,6,5,4,7,5
"SRR5354812",1,2,1,2,1,6,2,2,2,1,1,1,2
"SRR5353969",3,4,4,4,3,4,4,4,1,4,5,4,2
"SRR3986064",3,4,8,7,8,9,5,5,6,5,4,7,5
"SRR5353568",4,1,3,3,2,1,3,3,6,2,9,2,4
"SRR5353743",5,1,4,4,3,4,4,4,1,6,2,6,2
"SRR5354765",3,4,4,4,3,4,4,4,2,4,1,4,2
"SRR5354605",2,3,2,1,4,2,1,1,1,3,3,3,2
"SRR5353456",4,1,3,3,2,1,3,3,4,2,2,2,4
"SRR5355884",1,2,1,2,1,6,2,2,3,1,1,1,1
"SRR5356118",6,2,1,2,1,3,7,7,5,6,1,1,1
"SRR5355725",6,6,5,6,6,7,6,6,8,7,7,8,6
"SRR5354648",2,3,2,1,4,2,1,1,4,3,3,3,3
"SRR5353685",5,1,4,4,3,4,4,4,1,4,5,4,2
"SRR5353510",4,1,3,3,2,1,3,3,4,2,2,2,4
"SRR5354892",1,2,1,2,1,3,2,2,2,1,1,1,1
"SRR5354470",2,3,2,1,7,2,1,1,5,3,3,4,3
"SRR3986048",3,4,8,7,8,9,5,5,3,5,4,7,5
"SRR5355238",2,5,2,9,4,8,1,1,5,3,6,3,3
"SRR5355541",7,4,7,5,6,5,8,8,8,8,8,5,8
"SRR5354009",3,4,4,4,3,4,4,4,1,4,5,4,2
"SRR5355026",1,2,1,2,1,6,2,2,5,1,1,1,1
"SRR5354624",2,5,2,1,4,8,1,1,5,3,6,4,3
"SRR5354821",1,2,1,2,1,3,2,2,2,1,1,1,1
"SRR5354120",3,4,6,5,6,5,5,5,6,5,4,5,5
"SRR3986085",1,4,8,7,8,9,5,5,6,5,4,7,5
"SRR5355567",7,7,7,5,5,5,8,8,9,8,8,5,8
"SRR5354289",1,4,4,4,3,4,4,4,1,4,5,4,2
"SRR5353427",4,1,3,3,2,1,3,3,7,2,2,2,7
"SRR5353444",4,1,3,3,2,1,3,3,4,2,2,2,4
"SRR5354905",1,4,1,2,1,9,2,2,2,1,1,1,1
"SRR3986144",8,8,9,8,9,3,9,9,2,9,1,9,1
"SRR5354405",4,1,3,3,2,1,3,3,4,3,9,2,4
"SRR5354244",2,3,2,1,3,2,7,1,5,3,5,4,2
"SRR5353910",4,1,3,3,2,1,3,3,4,2,2,2,4
"SRR5353711",5,1,4,4,3,4,4,4,1,6,2,6,7
"SRR3986026",2,2,1,2,1,3,7,7,3,1,1,1,1
"SRR5354831",1,2,1,2,1,3,2,2,2,1,1,1,1
"SRR5354110",3,4,6,5,5,5,5,5,6,5,4,5,5
"SRR5354673",2,3,2,1,4,2,1,1,5,3,3,3,3
"SRR5354473",2,3,2,1,7,2,1,1,1,4,3,4,2
"SRR5355727",6,6,5,6,6,7,6,6,8,7,7,8,6
"SRR5355466",7,7,7,5,5,5,8,8,9,8,8,5,8
"SRR5354891",1,2,1,2,1,3,2,2,2,1,1,1,1
"SRR5353734",5,1,4,4,3,4,4,4,4,6,2,6,7
"SRR5354297",9,3,2,1,7,6,7,7,3,1,3,3,2
"SRR5353850",5,1,4,4,3,4,4,4,7,6,2,6,7
"SRR5353412",4,4,3,3,2,1,3,3,1,2,5,7,2
"SRR5355743",6,6,5,6,6,7,6,6,8,7,7,8,6
"SRR5355535",7,7,7,5,5,5,8,8,8,8,8,5,8
"SRR5353920",5,1,3,3,2,1,3,3,4,2,2,2,4
"SRR5354552",5,3,2,1,3,2,1,1,4,4,9,3,2
"SRR5354578",2,3,2,1,4,8,1,1,5,3,3,3,3
"SRR5355516",7,7,7,5,5,5,8,8,8,8,8,5,8
"SRR5353901",3,4,8,7,2,1,5,5,3,4,4,7,1
"SRR3986097",3,4,8,7,1,6,5,5,3,5,4,5,5
"SRR5354874",1,2,8,7,1,9,5,5,3,1,4,7,1
"SRR5356143",1,2,1,2,1,3,7,7,5,1,1,1,1
"SRR5353928",4,1,3,3,2,1,3,3,4,2,2,2,4
"SRR5355358",2,5,2,1,4,8,1,1,5,3,5,3,3
"SRR5354727",2,1,4,4,3,4,7,7,5,6,5,6,7
"SRR5355006",1,2,1,2,1,3,2,2,2,1,1,1,1
"SRR5353884",4,1,3,3,2,1,3,3,4,2,2,2,4
"SRR5353551",4,1,3,3,2,1,3,3,4,2,2,2,4
"SRR5353391",5,1,3,3,2,1,3,3,7,2,2,2,7
"SRR5353514",5,1,3,3,2,1,3,3,1,2,5,2,2
"SRR5353420",4,1,3,3,2,1,3,3,4,2,2,2,4
"SRR5353958",5,3,4,4,4,2,4,4,4,3,3,6,7
"SRR5354070",3,4,6,5,5,5,5,5,6,5,4,5,5
"SRR5353915",3,1,3,3,2,1,3,3,7,1,3,2,2
"SRR5354641",2,2,2,1,7,2,1,1,4,4,9,4,2
"SRR5353445",4,1,3,3,2,1,3,3,4,2,2,2,4
"SRR5354360",2,3,2,1,4,2,1,1,5,3,3,3,3
"SRR5353632",4,1,3,3,2,1,3,3,4,2,2,2,4
"SRR5354540",2,5,2,1,4,8,1,1,5,3,3,3,3
"SRR5353936",4,3,2,1,4,1,1,1,7,3,3,3,3
"SRR5353886",4,1,3,3,2,1,3,3,4,2,2,2,4
"SRR5355073",6,2,1,2,1,3,2,2,3,1,1,1,1
"SRR5353866",3,4,8,7,8,1,5,5,1,5,4,7,1
"SRR5355483",7,7,7,5,5,5,8,8,9,8,8,5,8
"SRR5354589",2,3,2,1,7,2,1,1,6,4,3,4,2
"SRR5354865",1,2,1,2,1,3,2,2,2,1,1,1,1
"SRR5353595",5,1,3,3,2,1,3,3,7,2,2,2,4
"SRR5353641",5,1,3,3,2,1,3,3,4,2,5,2,2
"SRR5354200",1,2,1,2,7,1,2,2,3,1,1,1,2
"SRR5356054",1,9,1,2,1,6,7,7,6,1,5,1,1
"SRR5354627",2,3,2,1,7,2,1,1,5,4,3,4,2
"SRR5354189",2,5,2,1,4,8,1,1,5,3,6,3,3
"SRR3986173",8,8,9,8,9,3,9,9,6,9,2,9,1
"SRR5353617",5,1,3,3,2,1,3,3,5,2,5,2,7
"SRR5354912",1,2,1,2,1,3,2,2,2,1,1,1,1
"SRR5354867",1,2,1,2,1,3,2,2,2,1,1,1,1
"SRR5354477",1,3,2,1,1,4,1,1,3,4,3,4,2
"SRR5353598",4,1,3,3,2,1,3,3,4,2,2,2,4
"SRR5354482",5,3,3,1,3,4,4,4,1,2,5,6,2
"SRR5355771",6,6,5,6,6,7,6,6,8,7,7,8,6
"SRR5354878",1,2,1,2,1,3,2,2,2,1,1,1,1
"SRR5355269",2,5,2,9,4,8,1,1,5,3,6,3,3
"SRR5354062",3,4,6,5,1,5,5,5,2,5,4,5,1
"SRR5353818",5,1,4,4,3,4,4,4,4,6,2,6,7
"SRR5354897",1,2,1,2,1,3,2,2,2,1,4,1,1
"SRR3986050",4,4,8,7,2,1,5,5,6,5,4,7,5
"SRR5354869",1,2,1,2,1,3,2,2,3,1,1,1,1
"SRR5355676",6,6,5,6,6,7,6,6,8,7,7,8,6
"SRR3986167",8,8,9,8,9,3,9,9,6,9,4,9,1
"SRR3986037",3,4,8,7,1,3,5,5,3,1,4,7,5
"SRR5355918",1,2,1,2,1,6,7,7,5,1,1,1,1
"SRR5354626",2,3,2,1,4,8,1,1,5,3,3,3,3
"SRR5356042",1,9,1,2,1,6,7,7,3,1,1,9,1
"SRR5354914",1,2,1,2,1,3,2,2,2,1,1,1,1
"SRR5353987",3,3,4,4,3,4,4,4,3,4,3,4,2
"SRR5353919",4,1,3,3,2,1,3,3,4,2,2,2,4
"SRR5355515",7,7,6,5,5,5,5,5,8,5,4,5,6
"SRR5355021",3,4,8,2,6,6,5,5,4,2,2,7,5
"SRR5353864",4,1,3,3,2,1,3,3,4,2,2,2,4
"SRR5353521",3,1,3,3,2,1,3,3,1,2,5,2,2
"SRR5353681",5,1,4,4,3,4,4,4,4,6,2,6,7
"SRR5356081",6,2,1,2,1,3,2,2,2,1,1,1,1
"SRR5355094",1,2,1,2,1,3,2,2,2,1,1,1,1
"SRR5354156",3,3,2,1,4,2,1,1,1,3,3,3,2
"SRR5354872",1,2,1,2,1,3,2,2,2,1,1,1,1
"SRR5355733",6,6,5,6,6,7,6,6,8,7,7,8,6
"SRR5353474",5,1,3,3,2,1,3,3,5,2,5,7,2
"SRR5353873",4,4,3,7,2,1,3,5,4,2,2,7,4
"SRR5355457",7,7,7,5,5,5,8,8,9,8,8,5,8
"SRR5354901",1,2,1,2,1,3,2,2,2,1,1,1,1
"SRR5354139",3,4,6,5,5,5,5,5,6,5,4,5,5
"SRR5353925",3,3,2,1,7,2,1,1,6,4,3,3,2
"SRR5354782",2,5,2,1,4,8,1,1,5,3,6,3,3
"SRR5354286",5,3,2,1,3,2,1,1,7,4,5,6,2
"SRR5354993",1,2,1,2,1,6,2,2,2,1,1,1,1
"SRR5353738",5,1,4,4,3,4,4,4,7,6,2,6,7
"SRR5354166",4,4,3,1,2,1,3,3,6,2,9,7,5
"SRR5354805",5,4,4,4,3,4,4,4,6,6,9,6,7
"SRR5354573",2,3,2,1,7,2,1,1,6,3,3,4,2
"SRR5353996",3,4,4,4,5,5,4,4,1,4,4,4,5
"SRR5355045",1,2,1,2,1,3,2,2,2,1,1,1,1
"SRR5354787",3,4,4,4,3,4,4,4,3,4,5,4,2
"SRR3986142",8,8,9,8,9,3,9,9,3,9,5,9,1
"SRR5354636",1,2,2,4,3,4,7,7,6,4,3,4,2
"SRR5353458",4,1,3,3,2,1,3,3,4,2,5,2,4
"SRR5353966",1,1,4,4,3,4,7,7,3,4,3,4,9
"SRR5353380",4,1,3,3,4,2,3,3,4,2,2,2,7
"SRR5355550",6,7,7,5,5,5,8,8,1,8,8,5,8
"SRR5353471",4,1,3,3,2,1,3,3,4,2,2,2,4
"SRR5353817",5,1,4,4,3,4,4,4,4,6,2,6,7
"SRR5355276",2,5,2,9,4,2,1,1,5,3,6,3,3
"SRR5353753",5,1,4,4,3,4,4,4,4,6,2,6,7
"SRR5353861",4,1,3,3,2,1,3,3,4,2,2,2,4
"SRR5354303",1,3,2,1,3,2,7,7,1,1,3,4,2
"SRR5353954",5,1,4,4,3,4,4,4,4,6,2,6,7
"SRR5353431",4,1,3,3,2,1,3,3,4,2,2,2,4
"SRR3986166",8,8,9,8,9,3,9,9,3,9,5,9,1
"SRR5355721",6,6,5,6,6,7,6,6,6,7,7,8,6
"SRR5355272",2,5,2,9,4,2,1,1,1,3,6,4,9
"SRR5353867",3,1,2,3,3,2,3,1,7,3,3,3,3
"SRR5354828",1,2,1,2,1,6,2,2,2,4,4,1,1
"SRR5355684",6,6,5,6,6,5,7,7,8,7,7,8,6
"SRR5354794",2,3,2,1,4,8,1,1,4,3,3,3,3
"SRR3986114",3,4,8,7,8,9,5,5,3,5,4,1,5
"SRR5355101",1,2,1,2,1,3,2,2,2,1,1,1,1
"SRR5353618",4,1,3,3,2,1,3,3,6,2,5,2,7
"SRR5354592",2,3,2,1,4,8,1,1,4,3,3,3,3
"SRR5354255",2,3,2,1,4,2,1,1,4,3,3,3,3
"SRR5353833",9,1,4,4,3,4,7,7,7,6,1,6,7
"SRR5353759",5,1,4,4,3,4,4,4,4,6,9,6,7
"SRR5353888",3,3,3,3,2,1,3,3,4,3,2,2,7
"SRR5353849",5,1,4,4,3,4,4,4,7,6,2,6,7
"SRR5354504",5,3,3,1,2,1,3,3,4,2,9,2,4
"SRR5353976",3,4,4,4,3,4,4,4,1,6,5,4,2
"SRR5355944",1,2,1,2,1,3,2,2,2,1,1,1,1
"SRR5353629",4,1,3,3,2,1,3,3,6,2,5,2,4
"SRR5355920",1,2,1,2,1,6,2,2,6,1,1,1,1
"SRR5354096",5,4,6,5,5,5,5,5,6,5,4,5,5
"SRR5353476",4,4,3,3,2,1,3,3,5,2,5,2,2
"SRR5354060",1,2,1,2,1,6,2,2,2,1,4,1,1
"SRR5354362",2,3,2,1,4,8,1,1,5,3,6,3,3
"SRR5355097",1,2,1,2,1,6,2,2,6,1,1,1,1
"SRR3986182",8,8,9,8,9,3,9,9,6,9,4,9,1
"SRR5353690",4,1,4,4,3,4,4,4,4,6,2,6,2
"SRR5353841",5,1,4,4,3,4,4,4,4,6,2,6,7
"SRR5354817",6,2,1,2,1,3,2,2,2,1,1,1,1
"SRR3986086",3,4,8,7,8,9,5,5,6,5,4,7,5
"SRR5353429",4,1,3,3,2,1,3,3,4,2,2,2,4
"SRR5355742",6,6,5,6,6,7,6,6,8,7,7,8,6
"SRR5355463",3,4,7,5,5,9,5,8,8,5,4,5,5
"SRR5353654",4,1,3,3,2,1,3,3,4,2,5,2,4
"SRR5354446",3,2,1,2,1,6,2,2,3,1,1,1,1
"SRR5355737",6,6,5,6,6,7,6,6,8,7,7,8,6
"SRR5354343",2,3,2,1,4,2,1,1,5,3,3,3,3
"SRR5354521",3,3,1,1,8,1,7,7,6,5,5,7,4
"SRR5353413",4,4,3,3,2,1,3,3,7,2,2,2,4
"SRR5355718",6,6,5,6,6,7,2,2,8,1,4,8,6
"SRR5353881",4,1,3,3,2,1,3,3,1,2,5,2,2
"SRR5353397",4,1,3,3,2,1,3,3,4,2,2,2,4
"SRR3986047",4,4,8,7,8,9,5,5,6,5,4,7,5
"SRR5355701",6,6,5,6,6,7,6,6,8,7,7,8,6
"SRR5356084",8,2,1,2,1,3,7,7,3,1,1,1,1
"SRR5354590",2,3,2,1,4,8,1,1,5,3,3,3,3
"SRR5355890",1,2,1,2,1,3,7,7,5,1,1,1,1
"SRR5353657",5,1,3,3,2,1,3,3,5,2,5,2,2
"SRR3986184",8,8,9,8,9,3,9,9,6,9,5,9,1
"SRR5353666",5,1,4,4,3,4,4,4,1,6,5,6,2
"SRR5354015",9,1,4,4,1,4,7,7,7,2,2,6,7
"SRR5353669",5,1,4,4,3,4,4,4,4,6,2,6,7
"SRR5353721",5,1,4,4,3,4,4,4,4,6,2,6,7
"SRR5353515",4,1,3,3,2,1,3,3,4,2,5,2,4
"SRR5355467",7,7,7,5,5,9,8,8,9,8,8,5,8
"SRR5355659",6,6,5,6,6,7,6,6,8,7,7,8,6
"SRR5354092",5,4,6,5,1,5,5,5,6,5,4,7,5
"SRR5354827",1,2,1,2,1,3,2,2,2,1,1,1,1
"SRR5354147",2,3,2,1,7,2,1,1,3,4,3,4,2
"SRR5353467",4,1,3,3,2,1,3,3,4,2,2,2,4
"SRR5355513",7,7,7,5,5,5,8,8,8,8,8,5,8
"SRR5354773",3,4,4,4,3,4,4,4,1,4,3,4,2
"SRR5354598",4,4,8,7,1,9,5,5,4,2,9,7,5
"SRR5356056",1,9,1,2,1,6,7,7,1,1,1,1,1
"SRR5354007",5,4,4,4,3,4,4,4,7,6,2,6,7
"SRR5353948",4,1,3,3,2,1,3,3,4,2,2,2,4
"SRR5353731",5,1,4,4,3,4,4,4,1,6,2,6,2
"SRR5354557",2,3,2,1,7,2,1,1,5,3,3,3,2
"SRR5355431",7,7,7,5,5,5,8,8,9,8,8,5,8
"SRR5353809",5,1,4,4,3,4,4,4,7,6,2,6,7
"SRR5354069",3,4,6,5,5,5,5,5,6,5,4,5,5
"SRR5355692",6,6,5,6,6,7,6,6,8,7,7,8,6
"SRR5354864",1,2,1,2,1,3,2,2,2,1,1,1,1
"SRR3986069",3,4,8,7,8,9,5,5,6,5,4,7,5
"SRR5353609",3,4,3,3,2,1,3,3,1,2,5,2,2
"SRR5354188",2,3,2,1,4,2,1,1,6,3,3,3,3
"SRR5353415",4,1,3,3,2,1,3,3,4,2,2,2,4
"SRR5353686",3,4,4,4,3,4,4,4,4,6,2,6,7
"SRR5354201",2,2,3,1,7,1,2,2,3,3,3,1,5
"SRR5353736",3,4,4,4,3,4,4,4,1,6,5,4,2
"SRR5355363",2,5,2,1,4,8,1,1,6,3,9,3,3
"SRR5355462",7,7,7,5,5,5,8,8,8,5,4,5,8
"SRR5353908",4,1,3,3,2,1,3,3,7,2,2,2,7
"SRR5355993",1,2,1,2,1,5,7,7,5,1,5,1,2
"SRR5353555",4,1,3,3,2,1,3,3,4,2,2,2,4
"SRR5354610",2,3,2,1,4,2,1,1,4,3,3,3,3
"SRR5353402",4,1,3,3,2,1,3,3,4,2,2,2,4
"SRR5354325",2,3,2,1,4,2,1,1,5,3,6,3,3
"SRR5354843",1,2,1,2,1,3,2,2,2,1,1,1,1
"SRR5354862",1,2,1,2,1,3,2,2,2,1,1,1,1
"SRR5353571",4,1,3,3,2,1,3,3,4,2,2,2,4
"SRR5355454",7,7,7,5,5,5,8,8,8,8,8,5,8
"SRR3986177",8,8,9,8,9,3,9,9,4,9,1,9,1
"SRR5353968",5,1,4,4,3,4,4,4,5,6,2,6,7
"SRR3986176",8,2,9,8,9,3,9,9,3,9,5,9,1
"SRR5355709",6,6,5,6,6,7,6,6,8,7,7,8,6
"SRR5353604",4,1,3,3,2,1,3,3,7,2,2,2,7
"SRR5355274",2,5,2,9,4,2,1,1,5,3,6,3,3
"SRR5353611",4,1,3,3,2,1,3,3,4,2,2,2,4
"SRR5354866",1,2,1,2,1,3,2,2,2,1,1,1,1
"SRR3986058",4,4,8,7,2,1,7,7,6,1,1,7,5
"SRR5355488",7,7,7,5,5,5,8,8,8,8,8,5,8
"SRR5355629",6,6,5,6,6,7,6,6,6,7,7,8,6
"SRR5355022",3,2,8,2,6,7,5,5,6,1,4,5,5
"SRR5354407",4,3,1,1,7,1,7,7,6,1,1,3,2
"SRR5354576",3,2,2,1,7,2,1,1,4,3,3,3,3
"SRR5353957",5,1,4,4,3,4,4,4,7,4,1,6,2
"SRR5355905",1,2,1,2,1,6,7,7,6,1,1,1,1
"SRR5353960",5,1,4,4,3,4,4,4,5,6,2,6,7
"SRR5354154",2,3,2,1,7,2,1,1,3,3,3,3,2
"SRR5354067",5,4,6,5,5,5,5,5,6,5,4,5,5
"SRR5353927",5,1,3,3,4,1,3,3,4,2,2,2,7
"SRR5353505",4,1,3,3,2,1,3,3,5,2,2,2,7
"SRR5354535",1,4,1,1,1,6,2,2,6,4,1,1,1
"SRR5354519",1,3,1,1,7,2,2,2,5,1,1,3,2
"SRR5355458",3,4,7,5,5,9,5,8,8,5,4,5,5
"SRR5354338",4,1,2,1,2,1,1,1,4,3,3,3,3
"SRR5355752",6,6,5,6,6,7,6,6,8,7,7,8,6
"SRR5354279",2,3,2,1,4,2,1,1,4,3,9,2,3
"SRR5355518",7,7,7,5,5,5,8,8,8,8,8,5,8
"SRR3986164",8,8,9,8,9,3,9,9,6,9,5,9,1
"SRR5354319",3,3,3,1,3,4,7,7,4,2,9,7,2
"SRR5353545",4,1,3,3,2,1,3,3,6,2,5,2,4
"SRR5355512",7,7,7,5,5,5,8,8,9,8,8,5,8
"SRR5354314",1,4,1,1,1,4,7,7,1,4,3,1,2
"SRR5355927",3,2,8,2,5,5,5,5,6,7,4,5,8
"SRR5355696",6,6,5,6,6,7,6,6,8,7,7,8,6
"SRR3986053",3,4,3,7,8,1,7,7,6,2,9,7,4
"SRR5353994",5,1,4,4,3,4,4,4,5,6,2,6,7
"SRR5354197",1,2,1,2,1,3,2,2,2,1,1,1,1
"SRR5353610",4,1,3,3,3,4,3,3,7,2,5,6,7
"SRR5353536",4,1,3,3,2,1,3,3,5,2,2,2,4
"SRR5355125",2,3,2,1,4,2,1,1,5,3,3,3,3
"SRR5353722",5,1,4,4,3,4,4,4,4,6,2,6,7
"SRR5353675",5,4,4,4,3,5,4,4,1,6,5,4,2
"SRR5355556",3,7,7,5,5,5,8,8,2,5,4,5,8
"SRR5355016",3,4,8,2,6,7,5,5,4,5,2,1,5
"SRR5353383",4,1,3,3,2,1,3,3,4,2,2,2,4
"SRR3986106",4,4,8,7,1,9,5,5,3,5,4,7,5
"SRR5354569",5,3,2,1,2,2,1,1,4,2,3,3,4
"SRR5353401",4,1,3,3,2,1,3,3,7,2,2,2,4
"SRR5353875",4,1,3,3,2,1,3,3,4,2,2,2,4
"SRR5354836",1,2,1,2,1,3,2,2,2,1,1,1,1
"SRR5354802",2,4,4,4,3,4,4,4,5,3,3,4,2
"SRR5353580",4,1,3,3,2,1,3,3,4,2,2,2,4
"SRR5353930",4,1,3,3,2,1,3,3,4,2,2,2,4
"SRR5353872",5,1,3,3,2,1,3,3,7,2,2,2,2
"SRR5354254",2,3,2,1,4,2,1,1,4,3,3,3,3
"SRR5355390",7,7,7,5,5,5,8,8,9,8,8,5,8
"SRR5353594",4,1,3,3,2,1,3,3,4,2,2,2,4
"SRR5353625",4,1,3,3,2,1,3,3,4,2,2,2,4
"SRR5354422",2,3,2,1,7,2,1,1,6,3,3,3,3
"SRR5354042",5,1,4,4,3,4,4,4,1,6,5,6,2
"SRR5355192",2,5,2,1,4,8,1,1,5,3,6,3,3
"SRR5355888",1,2,1,2,3,4,7,7,1,1,1,5,1
"SRR5353944",4,1,3,3,2,1,3,3,4,2,2,2,4
"SRR5353659",4,1,3,3,2,1,3,3,4,2,2,2,4
"SRR5355456",7,7,7,5,5,5,8,8,8,8,8,5,8
"SRR5353455",4,1,3,3,2,1,3,3,4,2,2,2,4
"SRR5354214",2,3,2,1,4,2,1,1,5,3,3,3,3
"SRR5355687",6,6,5,6,6,7,6,6,6,7,4,8,6
"SRR5353663",5,1,3,3,2,1,3,3,5,2,5,6,7
"SRR5354904",1,2,1,2,1,3,2,2,2,1,1,1,1
"SRR3986056",3,4,8,7,8,9,5,5,6,2,4,7,5
"SRR5355351",2,5,2,1,4,8,1,1,6,3,5,3,3
"SRR5354585",2,3,2,1,7,2,1,1,5,4,3,7,2
"SRR5355359",2,5,2,1,4,8,1,1,4,3,9,3,3
"SRR5353410",4,1,3,3,2,1,3,3,4,2,2,2,4
"SRR5354043",5,4,4,4,3,4,4,4,1,6,5,4,2
"SRR5354564",2,3,2,1,7,2,1,1,4,4,3,3,2
"SRR5354942",1,2,1,2,1,6,2,2,2,1,1,1,1
"SRR5353805",5,1,4,4,3,4,4,4,4,6,2,6,7
"SRR5353438",4,1,3,3,2,1,3,3,4,2,2,2,4
"SRR5354146",2,3,2,1,4,8,1,1,4,3,3,3,3
"SRR5353699",5,1,4,4,3,4,4,4,1,6,2,6,2
"SRR5356131",8,2,1,2,1,6,7,7,5,1,5,1,5
"SRR3986150",8,8,9,8,9,3,9,9,6,9,5,9,1
"SRR5355417",7,7,7,5,5,5,8,8,8,8,8,5,8
"SRR3986044",1,4,1,7,1,6,7,7,3,5,1,1,5
"SRR5353929",3,4,8,7,2,9,5,5,6,5,4,7,5
"SRR5353882",4,1,3,3,2,1,3,3,4,2,2,2,4
"SRR5356135",6,2,1,2,6,3,2,2,3,1,1,1,1
"SRR5354180",1,3,3,1,1,6,2,2,3,1,1,2,5
"SRR5353905",4,1,3,3,2,1,3,3,7,2,5,2,4
"SRR5354468",2,3,2,1,4,2,1,1,5,3,3,3,3
"SRR5353913",4,1,3,3,2,1,3,3,1,2,2,2,4
"SRR5353542",4,1,3,3,2,1,3,3,6,2,5,2,4
"SRR5353985",3,1,4,4,3,4,7,7,3,1,1,7,3
"SRR5355716",6,6,5,6,6,7,6,6,8,7,7,8,6
"SRR5353707",5,1,4,4,3,4,4,4,1,6,5,4,2
"SRR5353647",3,4,1,3,2,1,3,3,1,4,5,7,2
"SRR5354734",5,4,4,4,3,4,4,4,1,4,5,4,2
"SRR5353414",4,1,3,3,2,1,3,3,4,2,9,2,4
"SRR5354177",3,4,3,3,2,1,3,3,4,2,9,2,4
"SRR5355724",6,6,5,6,6,7,6,6,3,7,7,8,6
"SRR5353698",5,1,4,4,3,4,4,4,7,6,2,6,7
"SRR5355001",5,2,1,2,1,6,2,2,2,1,1,1,1
"SRR5354210",1,2,1,2,1,6,2,2,2,1,1,1,1
"SRR5355300",2,5,2,1,4,8,1,1,5,3,5,3,3
"SRR5354743",3,3,4,4,3,2,4,4,1,4,5,4,2
"SRR5353750",5,1,4,4,3,4,4,4,1,6,5,6,2
"SRR5354509",2,3,2,1,4,8,1,1,5,3,3,3,3
"SRR5354455",3,3,2,1,3,2,7,7,5,4,3,4,2
"SRR5355758",6,6,5,6,6,7,6,6,3,7,7,8,6
"SRR5353853",7,3,4,4,3,4,7,7,5,6,1,6,7
"SRR5353643",3,1,3,3,3,1,3,3,5,2,5,6,2
"SRR5353633",4,1,3,3,2,1,3,3,4,2,2,2,4
"SRR5354967",1,2,1,2,1,6,2,2,2,1,1,1,1
"SRR5354209",1,2,1,2,1,6,7,7,3,4,3,4,2
"SRR5354730",2,5,2,4,3,2,1,1,2,3,6,4,9
"SRR5354911",1,2,1,2,1,3,2,2,2,1,1,1,1
"SRR5353461",4,4,8,7,2,1,5,5,6,2,4,7,5
"SRR5354839",1,2,1,2,1,3,2,2,2,1,1,1,1
"SRR5354231",3,4,3,1,2,1,7,7,5,2,5,2,4
"SRR5353712",5,1,4,4,3,4,4,4,1,6,5,6,2
"SRR5355705",6,6,5,6,6,7,6,6,6,7,7,8,6
"SRR5354832",1,2,1,2,1,3,2,2,2,1,1,1,1
"SRR5355448",7,7,7,5,5,5,8,8,8,8,8,5,8
"SRR5353607",4,4,3,3,3,4,4,4,5,2,5,2,2
"SRR3986215",8,8,9,8,9,3,9,9,3,9,4,9,1
"SRR5355967",1,2,1,2,1,9,7,7,3,1,1,1,1
"SRR5353837",5,1,4,4,3,4,4,4,1,6,2,6,2
"SRR5355730",6,6,5,6,6,7,6,6,8,7,7,8,6
"SRR5353724",5,1,4,4,3,4,4,4,5,6,2,6,2
"SRR5354702",2,3,2,1,4,8,7,7,5,3,3,3,2
"SRR5354937",8,2,9,8,9,3,9,9,2,9,1,9,1
"SRR5354394",2,3,2,1,7,2,7,7,3,3,6,4,9
"SRR5353635",4,4,3,3,2,1,3,3,6,2,2,2,4
"SRR5353993",5,4,4,4,3,4,7,7,5,3,3,4,2
"SRR3986161",8,8,9,8,9,3,9,9,6,9,1,9,1
"SRR5354144",3,4,6,5,5,5,5,5,1,5,4,5,5
"SRR5354989",1,2,1,2,1,5,2,2,2,1,1,1,1
"SRR5353709",5,1,4,4,3,4,4,4,4,6,2,6,7
"SRR5354260",2,3,2,1,4,2,1,1,7,3,3,3,3
"SRR5353637",4,1,3,3,2,1,3,3,5,2,2,2,4
"SRR3986169",8,8,9,8,9,3,9,9,3,9,1,9,1
"SRR5353899",4,1,3,3,2,1,3,3,4,2,2,2,4
"SRR5355228",2,5,2,9,3,2,7,7,3,3,3,4,9
"SRR5353935",4,1,3,3,2,1,3,3,7,2,2,2,7
"SRR3986098",3,4,8,7,2,9,5,5,3,5,4,7,5
"SRR5355465",7,4,7,5,5,5,8,8,8,5,4,5,5
"SRR5354038",5,1,4,4,3,4,7,7,5,6,2,6,7
"SRR5354283",1,4,2,1,1,2,7,7,5,4,5,4,5
"SRR5354117",3,1,6,5,5,5,5,5,6,5,4,5,5
"SRR5355508",7,7,7,5,5,5,8,8,9,8,8,5,8
"SRR5355470",7,7,7,5,5,5,8,8,8,8,8,5,8
"SRR5354004",3,1,4,4,3,4,4,4,1,4,5,4,2
"SRR5355529",3,7,6,5,5,5,5,5,8,5,4,5,8
"SRR3986073",3,4,8,7,2,9,5,5,6,5,4,7,5
"SRR5353665",5,1,4,4,3,4,4,4,7,6,2,6,7
"SRR5354055",3,4,6,5,5,5,5,5,6,5,4,5,5
"SRR5354961",1,2,1,2,1,6,2,2,2,1,1,1,1
"SRR5353556",9,1,3,3,2,1,3,3,5,2,2,2,2
"SRR5356030",2,9,1,2,1,6,7,7,6,5,1,1,1
"SRR5355490",7,7,7,5,5,5,8,8,8,8,8,5,8
"SRR5354668",2,2,2,1,7,2,7,7,5,4,3,3,3
"SRR5353803",5,1,4,4,3,4,4,4,4,6,5,6,7
"SRR5354232",2,3,2,1,7,2,7,7,3,3,3,4,2
"SRR5354934",1,2,1,2,1,3,2,2,2,1,1,9,1
"SRR3986178",8,8,9,8,9,3,9,9,6,9,5,9,1
"SRR5353821",5,1,4,4,3,4,4,4,1,6,5,6,2
"SRR5353725",3,1,4,4,3,4,4,4,5,6,2,6,2
"SRR5353904",4,1,3,3,2,1,3,3,4,2,2,2,4
"SRR5354424",2,4,2,1,4,2,1,1,6,3,3,3,3
"SRR5356146",6,2,1,2,2,6,7,7,5,3,2,1,2
"SRR5354594",3,4,3,1,1,6,7,7,4,2,9,7,2
"SRR5353895",3,3,2,1,3,2,1,1,5,4,3,6,2
"SRR5354002",5,1,4,4,3,4,4,4,6,6,2,6,7
"SRR5354293",1,5,2,1,3,2,7,7,1,4,3,4,2
"SRR5353613",4,1,3,3,2,1,3,3,4,2,2,2,4
"SRR5354742",2,3,4,4,3,2,4,4,3,4,3,4,2
"SRR5353822",3,1,4,4,3,4,4,4,1,6,5,6,2
"SRR5355489",7,7,7,5,5,5,8,8,9,8,8,5,8
"SRR5355685",6,6,5,6,6,7,6,6,8,7,7,8,6
"SRR5353674",5,1,4,4,3,4,4,4,4,6,2,6,7
"SRR5354165",2,3,2,1,7,2,1,1,6,3,3,3,3
"SRR5355325",2,5,2,1,4,8,1,1,4,3,2,3,3
"SRR5356075",1,2,1,2,1,3,2,2,6,1,1,1,1
"SRR5354542",7,4,1,1,1,6,7,7,3,1,4,7,1
"SRR5353592",4,1,3,3,2,1,3,3,1,2,5,2,2
"SRR5353894",4,1,3,3,8,1,3,5,4,2,4,2,4
"SRR5354086",3,4,6,5,5,5,5,5,6,5,4,5,5
"SRR5354206",3,1,3,3,2,1,3,3,1,2,2,2,4
"SRR5353834",5,1,4,4,3,4,4,4,5,4,5,4,2
"SRR5355004",7,7,7,5,5,5,8,8,9,8,8,5,8
"SRR5353695",4,1,4,4,3,4,4,4,1,6,2,6,7
"SRR5354810",2,5,2,1,4,8,1,1,5,3,6,3,3
"SRR5355683",6,6,5,6,6,7,6,6,6,7,4,8,6
"SRR5354005",5,1,4,4,3,4,4,4,1,6,2,6,7
"SRR5353680",5,1,4,4,3,4,4,4,7,6,2,6,7
"SRR5355114",2,5,2,1,4,8,1,1,5,3,6,3,3
"SRR5353387",4,1,3,3,2,1,3,3,4,2,2,2,4
"SRR5354938",3,4,6,2,5,5,5,5,2,5,4,5,5
"SRR5355453",4,4,7,5,5,9,5,8,8,5,4,5,5
"SRR5355964",1,2,1,2,1,3,7,7,3,1,1,1,1
"SRR5354493",4,3,3,1,2,1,3,3,4,2,2,2,4
"SRR5353760",5,1,4,4,3,2,4,4,5,4,5,4,2
"SRR5353616",4,1,3,3,2,1,3,3,5,2,2,2,4
"SRR5355538",7,7,7,5,5,5,8,8,8,8,8,5,8
"SRR5355401",7,7,7,5,5,5,8,8,8,8,8,5,8
"SRR5354935",5,4,1,2,1,5,2,2,2,1,1,1,1
"SRR5354444",4,3,2,1,2,1,1,1,7,3,3,3,3
"SRR5353942",3,1,2,3,4,2,1,1,1,2,3,3,3
"SRR5356051",1,5,1,2,1,3,7,7,6,1,1,1,6
"SRR5355732",6,6,5,6,6,7,6,6,8,7,7,8,6
"SRR5353876",4,1,3,3,2,1,3,3,7,2,2,2,7
"SRR5353697",5,1,4,4,3,4,4,4,4,6,2,6,7
"SRR5353870",4,1,3,3,2,1,3,3,4,2,2,2,4
"SRR5353880",4,1,3,3,2,1,3,3,4,2,2,2,4
"SRR5355089",1,2,1,2,1,3,2,2,2,1,1,1,1
"SRR5353578",4,1,3,3,2,1,3,3,6,2,2,2,4
"SRR5355400",7,7,7,5,5,5,8,8,8,8,8,5,8
"SRR3986190",8,8,9,8,9,3,9,9,6,9,5,9,1
"SRR5355287",2,5,2,9,4,2,7,7,1,4,3,4,2
"SRR5353670",3,1,4,4,5,4,4,4,1,6,5,6,7
"SRR5353450",4,1,3,3,2,1,3,3,4,2,2,2,4
"SRR5355943",1,2,1,2,1,6,7,7,5,1,1,9,1
"SRR5354163",2,3,2,1,4,1,1,1,3,3,3,3,2
"SRR5353591",4,1,3,3,2,1,3,3,1,2,5,2,2
"SRR3986131",8,8,9,8,1,3,9,9,6,9,2,9,1
"SRR5354999",3,4,6,5,5,5,5,5,2,1,4,5,5
"SRR5355669",6,6,5,6,6,7,6,6,6,7,7,8,6
"SRR5354115",5,4,6,5,3,5,5,5,8,5,4,5,5
"SRR5354109",5,4,6,5,5,5,5,5,3,5,4,5,5
"SRR5354879",1,2,1,2,1,3,2,2,2,1,1,1,1
"SRR5355533",7,7,7,5,5,5,8,8,8,8,8,5,8
"SRR5356133",6,6,5,2,6,5,7,7,3,8,4,8,8
"SRR3986027",1,4,1,7,2,9,7,7,3,1,1,1,1
"SRR5354896",1,2,1,2,1,6,2,2,2,1,1,1,1
"SRR5354883",1,2,1,2,1,3,2,2,2,1,1,1,1
"SRR5354903",1,2,1,2,1,3,2,2,2,1,1,1,1
"SRR5355544",7,7,7,5,5,5,8,8,8,8,8,5,8
"SRR5355449",7,7,7,5,5,5,8,8,8,8,8,5,8
"SRR5354876",1,2,1,2,1,3,2,2,2,1,1,1,1
"SRR5353946",4,1,3,3,2,1,3,3,4,2,2,2,4
"SRR5355411",7,7,7,5,5,5,8,8,8,8,8,5,8
"SRR5355623",6,6,5,6,6,7,6,6,6,7,7,8,6
"SRR5353775",5,1,4,4,3,4,4,4,4,6,2,6,7
"SRR5353577",4,1,3,3,2,1,3,3,4,2,2,2,4
"SRR5356047",1,9,1,2,1,3,7,7,2,1,1,1,1
"SRR5354390",2,3,2,1,7,1,7,7,6,5,3,4,2
"SRR5355939",7,2,1,2,1,3,7,7,3,1,1,1,1
"SRR5356053",1,9,1,2,1,3,7,7,5,4,1,1,2
"SRR5354145",2,3,2,1,4,2,1,1,5,3,3,3,3
"SRR5354741",2,3,4,4,4,2,1,1,1,4,3,4,9
"SRR5355636",6,6,5,6,6,7,6,6,8,7,7,8,6
"SRR5355408",7,7,7,5,5,5,8,8,8,8,8,5,8
"SRR5355219",2,5,2,9,4,2,7,7,3,3,6,4,9
"SRR5354048",5,1,4,4,3,4,4,4,6,6,9,6,7
"SRR3986024",1,4,8,7,1,9,7,7,3,1,4,1,1
"SRR5353626",4,1,3,3,2,1,3,3,5,2,2,2,4
"SRR5354916",6,6,6,5,6,7,6,6,3,7,7,5,6
"SRR5354924",1,2,1,2,1,3,2,2,2,1,1,9,1
"SRR5354122",3,4,6,5,5,5,5,5,3,5,4,5,5
"SRR3986066",3,4,8,7,8,9,7,7,6,5,4,5,5
"SRR5353717",5,1,4,4,3,4,4,4,6,6,5,6,7
"SRR5353813",5,1,4,4,3,4,4,4,6,6,2,6,7
"SRR5354928",6,6,6,5,5,5,5,5,3,7,4,5,6
"SRR5354968",1,2,1,2,1,6,2,2,2,1,1,1,1
"SRR5353381",4,1,3,3,2,1,3,3,4,2,2,2,4
"SRR5353921",4,1,3,3,2,1,3,3,4,2,2,2,4
"SRR5353999",1,3,4,4,4,2,7,7,3,3,3,4,9
"SRR5354194",4,4,3,1,2,1,3,3,6,5,9,2,5
"SRR5356031",2,9,1,2,8,1,7,7,3,2,5,4,2
"SRR5354732",5,1,4,4,3,4,4,4,4,6,9,6,7
"SRR5353863",4,1,3,3,2,1,3,3,7,2,2,2,4
"SRR5353952",4,1,3,3,2,1,3,3,4,2,2,2,4
"SRR5353621",4,1,3,3,2,1,3,3,4,2,2,2,4
"SRR5353483",4,4,3,3,2,1,7,7,3,2,2,2,4
"SRR5354962",1,2,1,2,1,3,2,2,2,1,1,9,1
"SRR5353624",4,1,3,3,2,1,3,3,6,2,2,2,4
"SRR5354926",1,2,1,2,1,6,2,2,2,1,4,1,1
"SRR5354820",1,2,1,2,1,3,2,2,3,1,1,1,1
"SRR5355507",7,7,7,5,5,5,8,8,9,8,8,5,8
"SRR5355474",7,4,7,5,5,5,8,8,8,1,4,5,5
"SRR5355569",3,7,7,5,5,5,8,8,3,8,8,5,8
"SRR5353554",4,1,3,3,2,1,3,3,6,2,5,2,4
"SRR5354168",2,3,2,1,4,2,1,1,5,3,3,3,3
"SRR5355570",7,7,7,5,5,5,8,8,8,8,8,5,8
"SRR5353490",4,1,3,3,2,1,3,3,4,2,2,2,4
"SRR5353494",4,1,3,3,2,1,3,3,6,2,5,2,2
"SRR5355473",3,7,7,5,6,9,8,8,8,4,4,5,5
"SRR5353903",5,1,3,3,2,1,3,3,7,2,2,2,7
"SRR5354985",3,2,1,2,1,6,2,2,2,1,1,1,1
"SRR5353614",4,1,3,3,2,1,3,3,5,2,5,2,4
"SRR5354127",3,1,6,5,5,5,5,5,6,5,4,5,5
"SRR5354976",6,2,1,2,6,3,2,2,2,1,1,1,1
"SRR5353688",5,1,4,4,3,4,4,4,4,6,2,6,7
"SRR5354489",1,3,2,1,7,2,7,7,5,4,3,4,2
"SRR5355907",1,2,1,2,1,6,7,7,6,5,5,5,6
"SRR5355242",2,5,2,9,3,2,7,7,3,3,6,4,9
"SRR5356045",1,9,1,2,1,3,7,7,5,1,3,1,1
"SRR5354694",2,3,2,1,1,2,7,7,5,6,3,4,3
"SRR5354352",1,3,8,1,3,6,7,7,3,1,3,4,2
"SRR5353797",5,1,4,4,5,4,4,4,4,6,2,6,2
"SRR5354939",5,4,6,5,5,5,5,5,6,5,4,5,5
"SRR5355184",2,5,2,1,4,2,7,7,5,3,3,3,3
"SRR5355568",7,7,7,5,5,5,8,8,8,8,8,5,8
"SRR5353477",3,4,3,3,2,1,3,3,1,2,5,7,2
"SRR5353645",4,1,3,3,3,4,3,3,4,2,2,2,7
"SRR5353448",4,1,3,3,2,1,3,3,4,2,9,2,4
"SRR5353599",4,1,3,3,2,1,3,3,5,2,2,6,7
"SRR3986204",8,8,9,8,1,3,9,9,6,9,5,9,1
"SRR5353824",3,1,4,4,3,4,4,4,5,6,1,6,2
"SRR5355504",7,7,7,5,5,5,8,8,8,8,8,5,8
"SRR5355414",3,4,7,5,5,5,8,8,8,5,4,5,8
"SRR5353546",4,1,3,3,2,1,3,3,4,2,2,2,4
"SRR5354320",2,3,2,1,4,1,7,7,5,1,3,4,2
"SRR5353892",4,1,3,3,2,1,3,3,4,2,2,2,7
"SRR5353938",4,1,3,3,2,1,3,3,4,2,2,2,4
"SRR5354606",2,3,2,1,7,8,1,1,5,3,3,3,3
"SRR5353378",4,1,3,3,2,1,3,3,4,2,2,2,7
"SRR5353791",5,1,4,4,3,4,4,4,7,6,2,6,7
"SRR5354859",1,2,1,2,1,3,2,2,2,1,1,1,1
"SRR5354458",2,5,2,1,4,8,1,1,5,3,3,3,3
"SRR5354212",1,4,2,1,2,2,7,7,5,4,6,4,2
"SRR5354744",5,4,4,4,3,4,4,4,1,4,5,6,2
"SRR5354978",1,4,1,2,1,6,2,2,2,1,1,7,1
"SRR5353799",3,1,4,4,3,4,4,4,1,4,5,4,2
"SRR5354061",4,4,6,5,5,5,5,5,3,5,4,5,1
"SRR5354952",5,4,6,5,5,5,5,5,3,5,4,7,5
"SRR5353796",5,1,4,4,3,4,4,4,4,6,2,6,7
"SRR5353878",4,1,3,3,2,1,3,3,4,2,2,2,7
"SRR5353532",4,1,3,3,2,1,3,3,6,2,9,2,4
"SRR5354497",2,3,2,1,7,2,7,7,5,3,3,3,2
"SRR3986143",8,8,9,8,9,3,9,9,6,9,1,9,1
"SRR5353745",5,1,4,4,3,4,4,4,4,6,2,6,7
"SRR5354857",3,4,8,7,8,9,5,5,8,5,4,7,5
"SRR5354499",2,3,2,1,4,8,1,1,5,3,3,3,3
"SRR5355437",7,7,7,5,5,5,8,8,8,8,8,5,8
"SRR5354150",4,1,3,1,8,1,7,7,6,2,9,7,5
"SRR5355682",6,6,5,6,6,7,6,6,6,7,7,8,6
"SRR5354956",1,2,1,2,1,6,2,2,2,1,1,1,1
"SRR5353433",4,1,3,3,2,1,3,3,4,2,5,2,4
"SRR5353762",5,1,4,4,3,4,4,4,4,6,2,6,7
"SRR5354997",1,2,1,2,1,6,2,2,2,1,1,1,1
"SRR5354178",4,3,2,1,2,1,1,1,4,3,3,3,3
"SRR5355440",7,7,7,5,5,5,8,8,8,8,8,5,8
"SRR5355459",7,7,7,5,5,5,8,8,8,8,8,5,8
"SRR5354381",3,3,3,1,2,1,7,7,6,2,2,2,2
"SRR5354617",1,3,2,1,7,2,7,7,4,3,3,3,4
"SRR5354505",5,1,3,1,2,1,3,3,4,2,2,2,4
"SRR5355475",7,7,7,5,5,5,8,8,9,8,8,5,8
"SRR5353426",4,1,3,3,2,1,3,3,4,2,2,2,4
"SRR5355576",7,7,7,5,5,5,8,8,8,8,8,5,6
"SRR5353585",4,1,3,3,2,1,3,3,4,2,2,2,4
"SRR5354644",3,4,1,4,2,6,7,7,1,4,5,7,2
"SRR5353646",4,1,3,3,2,1,3,3,4,2,2,2,7
"SRR5353547",4,1,3,3,2,1,3,3,6,2,2,2,4
"SRR5353534",5,1,3,3,2,1,3,3,5,2,2,2,4
"SRR5354091",3,4,6,5,5,5,7,7,3,5,4,5,1
"SRR5353978",3,1,4,4,3,4,4,4,4,6,2,6,7
"SRR3986059",1,4,8,7,1,9,7,7,3,1,1,7,5
"SRR5353671",5,1,4,4,3,4,4,4,4,6,2,6,4
"SRR5354224",1,2,1,2,1,3,2,2,3,1,1,1,1
"SRR5354379",2,3,1,1,2,4,7,7,3,4,1,1,1
"SRR5354029",2,5,2,4,4,2,7,7,3,8,1,4,2
"SRR5354954",5,7,6,5,5,5,5,5,3,5,4,5,5
"SRR5353906",4,1,3,3,2,1,3,3,4,2,2,2,4
"SRR5353459",4,1,3,3,2,1,3,3,4,2,2,2,4
"SRR5353897",4,1,3,7,2,1,3,3,4,2,2,7,4
"SRR5355540",7,3,7,5,5,5,8,8,8,8,8,5,8
"SRR5354944",3,4,6,5,1,6,5,5,2,5,4,5,5
"SRR3986093",3,4,8,7,8,9,7,7,6,5,4,7,5
"SRR5355517",7,7,7,5,5,5,8,8,8,8,8,5,8
"SRR5355528",7,7,7,5,5,5,8,8,9,8,8,5,8
"SRR5356026",1,9,1,2,1,3,7,7,3,8,5,1,1
"SRR5353700",4,4,4,4,5,4,4,4,1,6,5,6,2
"SRR5354233",2,3,2,1,4,8,1,1,5,3,6,3,3
"SRR5354984",1,2,1,2,1,5,2,2,2,1,1,9,1
"SRR5354940",3,7,7,5,5,5,5,5,8,5,4,5,5
"SRR5355664",6,6,5,6,6,7,6,6,6,7,7,8,6
"SRR5353855",5,1,4,4,3,4,4,4,5,6,5,6,7
"SRR5354556",2,3,2,1,1,2,7,7,3,4,3,4,2
"SRR5355572",3,7,7,5,5,5,7,7,8,8,4,5,5
"SRR5354988",1,2,1,2,1,5,2,2,2,5,4,5,1
"SRR5354065",1,4,6,5,5,5,5,5,6,5,4,5,5
"SRR5353858",4,1,3,3,2,1,3,3,4,2,2,2,4
"SRR3986139",8,8,9,8,9,3,7,7,6,9,9,9,1
"SRR5353810",5,1,4,4,3,4,4,4,1,6,5,6,2
"SRR5354972",1,8,1,2,1,3,2,2,2,9,1,1,1
"SRR5353504",5,1,3,3,2,1,3,3,4,2,5,2,4
"SRR5354964",3,6,6,5,6,5,5,5,3,5,4,5,5
"SRR5354152",2,3,2,1,4,2,1,1,5,3,3,3,3
"SRR5355765",6,6,5,6,6,7,6,6,9,7,7,8,6
"SRR5353586",4,1,3,3,2,1,3,3,4,2,5,2,4
"SRR5355485",7,7,7,5,5,5,8,8,9,8,8,5,8
"SRR5354932",3,4,6,5,5,5,5,5,6,5,4,5,5
"SRR3986209",8,8,9,8,9,3,9,9,6,9,5,9,1
"SRR5355543",7,7,7,5,5,5,8,8,5,5,4,5,5
"SRR5353506",4,1,3,3,2,1,3,3,5,2,5,2,2
"SRR5355445",1,2,1,2,9,3,7,7,3,1,1,1,1
"SRR5355916",3,2,1,2,7,6,7,7,5,1,1,1,2
"SRR5355046",2,2,1,2,5,1,7,7,3,5,4,5,1
"SRR5354572",2,2,2,1,1,2,7,7,3,4,1,4,2
"SRR5355965",1,2,1,2,1,6,7,7,3,1,1,1,1
"SRR5355389",7,7,7,5,5,5,8,8,9,8,8,5,8
"SRR5355731",6,6,5,6,6,7,6,6,6,7,7,8,6
"SRR5354797",2,1,2,4,4,2,1,1,5,4,3,3,3
"SRR5354383",3,3,1,1,1,6,7,7,6,4,1,2,2
"SRR3986130",8,8,9,8,1,3,9,9,6,9,4,9,1
"SRR3986029",4,4,8,7,8,9,7,7,6,5,4,7,5
"SRR5353980",5,1,6,4,1,4,7,7,6,6,2,6,7
"SRR5353518",4,1,3,3,2,1,3,3,5,2,5,2,2
"SRR5354195",2,5,2,1,4,8,1,1,5,3,6,3,3
"SRR5353970",5,1,4,4,3,2,4,4,4,6,2,6,7
"SRR5354955",1,2,1,2,1,6,2,2,2,1,1,1,1
"SRR5354063",5,4,6,5,5,5,5,5,6,5,4,5,5
"SRR5354223",3,4,8,7,2,9,7,7,6,2,9,7,5
"SRR5353852",5,1,3,4,2,1,4,4,1,2,2,2,4
"SRR5356102",6,2,5,2,3,7,7,7,5,1,1,1,1
"SRR3986192",8,8,9,8,9,3,9,9,6,9,1,9,1
"SRR5355660",6,6,5,6,6,7,7,7,8,7,7,8,6
"SRR5354971",1,2,1,5,1,5,2,2,3,5,1,7,1
"SRR5353847",5,1,4,4,3,4,4,4,4,6,2,6,7
"SRR5354515",3,3,2,1,1,4,7,7,5,4,5,7,2
"SRR5353856",5,1,4,4,3,4,4,4,4,6,9,6,7
"SRR5354995",1,2,1,2,1,3,2,2,2,1,1,9,1
"SRR3986126",8,8,9,8,9,3,9,9,3,9,3,9,1
"SRR5354549",2,3,2,1,4,2,1,1,5,3,3,3,3
"SRR5354970",1,2,1,2,1,6,2,2,2,1,1,1,1
"SRR5355972",1,2,1,2,5,3,7,7,6,1,1,1,1
"SRR5354546",3,3,2,1,7,4,7,7,5,1,3,4,2
"SRR5353676",5,1,4,4,3,4,4,4,4,6,2,6,7
"SRR5354973",3,2,6,5,1,4,5,5,2,5,4,5,1
"SRR5354608",3,3,3,1,3,1,7,7,5,5,2,6,4
"SRR5355763",6,6,5,6,6,7,6,6,5,7,7,8,6
"SRR5353820",5,1,4,4,3,4,4,4,7,6,2,6,7
"SRR5356080",1,2,1,2,1,3,2,2,3,1,1,9,1
"SRR5355112",2,5,2,1,4,2,7,7,5,3,6,3,3
"SRR5354776",2,3,2,4,4,2,1,1,5,3,3,3,2
"SRR5354049",3,4,6,5,5,5,5,5,3,5,4,5,5
"SRR5353436",4,1,3,3,2,1,3,3,4,2,2,2,4
"SRR5354895",1,2,1,2,1,3,2,2,2,1,1,1,1
"SRR5355429",7,7,7,5,5,5,8,8,8,8,8,5,8
"SRR5354665",2,3,2,1,1,5,7,7,5,1,2,4,7
"SRR3986212",5,2,9,8,1,6,7,7,3,9,1,9,2
"SRR5353877",4,1,3,3,2,1,7,7,4,2,2,2,4
"SRR3986031",3,4,8,7,8,9,7,7,6,5,4,7,5
"SRR5353939",4,1,3,3,2,1,3,3,4,2,9,2,4
"SRR5354980",1,2,1,2,1,6,2,2,2,1,1,1,1
"SRR5354974",3,4,6,5,5,5,5,5,2,5,4,5,5
"SRR5355761",6,6,5,6,6,7,6,6,6,7,7,8,6
"SRR5354739",7,3,4,4,3,4,4,4,2,4,3,4,2
"SRR5354936",1,2,1,2,9,3,2,2,2,1,1,9,1
"SRR5355966",1,2,1,2,1,6,7,7,6,1,1,1,1
"SRR5353530",4,1,3,3,2,1,3,3,5,2,2,2,4
"SRR5354234",2,3,2,1,3,4,7,7,3,3,3,3,3
"SRR5355648",6,6,5,6,6,7,7,7,3,7,7,8,6
"SRR5353710",5,1,4,4,3,4,4,4,4,6,2,6,7
"SRR5354226",1,2,1,1,1,6,7,7,2,4,4,1,1
"SRR5354998",3,4,1,5,1,6,2,2,2,4,1,1,1
"SRR5354915",1,3,1,2,1,6,2,2,2,1,1,1,1
"SRR5354983",6,6,5,6,6,7,6,6,3,7,4,8,6
"SRR3986057",3,4,8,7,2,9,7,7,3,1,4,5,5
"SRR5353854",9,1,4,4,3,4,7,7,5,6,5,6,7
"SRR5354296",2,3,2,1,3,2,7,7,5,3,3,3,3
"SRR5353832",5,1,4,4,3,4,4,4,7,6,2,6,4
"SRR5354440",2,3,2,1,4,8,1,1,5,3,3,3,3
"SRR5353997",5,1,4,4,3,4,4,7,5,6,5,6,2
"SRR5354927",3,4,6,5,5,5,5,5,2,1,4,5,5
"SRR5353902",4,1,3,3,2,1,3,3,4,2,2,2,4
"SRR5355096",1,2,1,2,9,3,2,2,2,1,1,1,1
"SRR5354930",8,8,1,2,1,3,2,2,2,1,1,9,1
"SRR5353857",4,1,3,3,2,1,3,3,4,2,2,2,4
"SRR5353752",5,1,4,4,3,4,4,4,4,6,2,6,7
"SRR5354193",4,4,8,7,2,1,7,7,6,5,9,7,5
"SRR5354019",4,1,4,4,3,4,4,4,1,6,2,6,7
"SRR5353548",5,1,3,3,2,1,3,3,5,2,2,2,4
"SRR5354618",1,3,4,1,3,2,7,7,7,1,5,1,2
"SRR5355534",7,7,7,5,5,5,8,8,8,8,8,5,8
