,0
GSE96769#SRR5355645,0.9057816190051924
GSE96769#SRR5355762,0.8976092652929393
GSE96769#SRR5355592,0.9375891904319411
GSE96769#SRR5355190,0.8344289949632978
GSE96769#SRR5355243,0.9086787509399884
GSE96769#SRR5355244,0.8994608989104311
GSE96769#SRR5355856,0.5678816081015351
GSE96769#SRR5355199,0.8292735947201892
GSE96769#SRR5354392,0.44903421235984536
GSE96769#SRR5354143,0.5480332685204287
GSE96769#SRR5354420,0.47438694869998077
GSE96769#SRR5355305,0.7795712041915789
GSE96769#SRR5355858,0.5430636863577902
GSE96769#SRR5355921,0.5450698061427814
GSE96769#SRR5355059,0.5627892576108012
GSE96769#SRR5354051,0.6263739483195466
GSE96769#SRR5353541,0.4244869121195629
GSE96769#SRR5355624,0.9417444372873868
GSE96769#SRR5354818,0.5918527071147653
GSE96769#SRR5355095,0.5643472099676832
GSE96769#SRR5353441,0.5045352586151713
GSE96769#SRR5355560,0.7894015644182073
GSE96769#SRR5355587,0.9445536817394317
GSE96769#SRR5355753,0.9074094146892795
GSE96769#SRR5355859,0.5662046678134423
GSE96769#SRR5355875,0.5512357380130583
GSE96769#SRR5354308,0.620210738154735
GSE96769#SRR5355267,0.8325473536462493
GSE96769#SRR5354582,0.4246290220686018
GSE96769#SRR5355871,0.5989706209905787
GSE96769#SRR5354022,0.5571503426416764
GSE96769#SRR5355876,0.5761349153241284
GSE96769#SRR5356134,0.6425113378717846
GSE96769#SRR5355031,0.6001240376589235
GSE96769#SRR5355237,0.9209749613491488
GSE96769#SRR5355887,0.7145459291646858
GSE96769#SRR5355958,0.5278952008853756
GSE96769#SRR5354531,0.7169064753770275
GSE96769#SRR5356087,0.5773061194789266
GSE96769#SRR5354478,0.5536665163411828
GSE96769#SRR5355666,0.9324240455273659
GSE96769#SRR5354474,0.482835786788283
GSE96769#SRR5354755,0.48801844930150784
GSE96769#SRR5355908,0.6031413068637392
GSE96769#SRR5354507,0.580949461232221
GSE96769#SRR5354448,0.5537550554961246
GSE96769#SRR5355251,0.9163764285295968
GSE96769#SRR5355057,0.5481432998780885
GSE96769#SRR5355481,0.7907669826591693
GSE96769#SRR5356016,0.579884159500205
GSE96769#SRR5355157,0.8467071400073505
GSE96769#SRR5354388,0.5040003788737714
GSE96769#SRR5355975,0.6238644274775742
GSE96769#SRR5354887,0.5410406666704596
GSE96769#SRR5353478,0.4991944756761806
GSE96769#SRR5354479,0.5622349162559195
GSE96769#SRR5355968,0.5632797031508726
GSE96769#SRR5356095,0.5763710657181904
GSE96769#SRR5354385,0.5261733512699603
GSE96769#SRR5355211,0.8442121354016746
GSE96769#SRR5356129,0.7291978168099634
GSE96769#SRR5356059,0.6513128144312867
GSE96769#SRR5355260,0.8833343760956207
GSE96769#SRR5355032,0.5607457108819989
GSE96769#SRR5355084,0.5415536254725098
GSE96769#SRR5355075,0.5574592334241021
GSE96769#SRR5356092,0.5636608175837695
GSE96769#SRR5355837,0.5216895932529583
GSE96769#SRR5354215,0.5057930534481718
GSE96769#SRR5356148,0.5820160155015139
GSE96769#SRR5356149,0.5936915837360044
GSE96769#SRR5355941,0.5496185939022229
GSE96769#SRR5355807,0.5395648992138874
GSE96769#SRR5355245,0.9480202181071362
GSE96769#SRR5355118,0.7239246383315083
GSE96769#SRR5354410,0.5915587256895191
GSE96769#SRR5354397,0.536131177441457
GSE96769#SRR5354701,0.30722486359705437
GSE96769#SRR5354456,0.5215529282380025
GSE96769#SRR5355085,0.5661630253878822
GSE96769#SRR5355067,0.5629422453727173
GSE96769#SRR5354717,0.5298988940947381
GSE96769#SRR5355523,0.7916848712341933
GSE96769#SRR5354824,0.5956497273833234
GSE96769#SRR5355722,0.9284377582692536
GSE96769#SRR5356117,0.6271130625789676
GSE96769#SRR5353596,0.2963342523873981
GSE96769#SRR5356098,0.6517942532034927
GSE96769#SRR5354406,0.5275132827955464
GSE96769#SRR5353409,0.311707810892106
GSE96769#SRR5354416,0.3878115474516934
GSE96769#SRR5354402,0.4624837092749664
GSE96769#SRR5354783,0.5447035942264135
GSE96769#SRR5355898,0.554310959805927
GSE96769#SRR5354631,0.36859307319688195
GSE96769#SRR5356147,0.6487600369869024
GSE96769#SRR5355870,0.5694475066759501
GSE96769#SRR5356106,0.5640428065606569
GSE96769#SRR5353634,0.34522182899466164
GSE96769#SRR5353522,0.4836897870052549
GSE96769#SRR5353516,0.2930518802982002
GSE96769#SRR5355708,0.8940245542957618
GSE96769#SRR5354628,0.5179706795132024
GSE96769#SRR5355246,0.8869365059633386
GSE96769#SRR5356139,0.912833529506248
GSE96769#SRR5354481,0.491575665498792
GSE96769#SRR5355751,0.8681451537045402
GSE96769#SRR5355229,0.8290245872729778
GSE96769#SRR5355275,0.8725924643985608
GSE96769#SRR5354313,0.6566845794922919
GSE96769#SRR5353835,0.4585936293495612
GSE96769#SRR5354387,0.5315394793221168
GSE96769#SRR5355062,0.4945812231471721
GSE96769#SRR5356007,0.574761445654848
GSE96769#SRR5355261,0.6995742646936141
GSE96769#SRR5354287,0.6685331964839648
GSE96769#SRR5355679,0.9287929839518421
GSE96769#SRR5354429,0.5641040576566302
GSE96769#SRR5356126,0.5915537846600394
GSE96769#SRR5354008,0.9106618935728933
GSE96769#SRR5355923,0.5879989938583672
GSE96769#SRR5356041,0.7525071817680146
GSE96769#SRR5355866,0.6276138244337941
GSE96769#SRR5355836,0.533167800898706
GSE96769#SRR5354088,0.555609176390985
GSE96769#SRR5355925,0.49446133815867727
GSE96769#SRR5353593,0.4728309349571437
GSE96769#SRR5355259,0.8560084632838071
GSE96769#SRR5355791,0.6529031706166596
GSE96769#SRR5355236,0.9315678728949464
GSE96769#SRR5355657,0.9597378330354499
GSE96769#SRR5355120,0.6769009691006502
GSE96769#SRR5355882,0.5421301167919435
GSE96769#SRR5353615,0.4357511091695847
GSE96769#SRR5354513,0.47494685312578006
GSE96769#SRR5355039,0.575806925556845
GSE96769#SRR5354081,0.6035568774515406
GSE96769#SRR5355671,0.955534394884252
GSE96769#SRR5355240,0.8924322939693958
GSE96769#SRR5355947,0.5434165581908319
GSE96769#SRR5354184,0.48035104549855523
GSE96769#SRR5354909,0.5462638137829886
GSE96769#SRR5354611,0.48690872736327717
GSE96769#SRR5356055,0.6934847741136697
GSE96769#SRR5355835,0.5162882128252589
GSE96769#SRR5355068,0.5794516245911006
GSE96769#SRR5353550,0.3444810606344576
GSE96769#SRR5355511,0.7788008019692354
GSE96769#SRR5354508,0.5140082850441628
GSE96769#SRR5355017,0.5543273284906102
GSE96769#SRR5355126,0.767286061833774
GSE96769#SRR5355999,0.6277607655096452
GSE96769#SRR5354326,0.6543350356938619
GSE96769#SRR5354330,0.6860523672147167
GSE96769#SRR5354398,0.7715551880839928
GSE96769#SRR5354307,0.7234558237887734
GSE96769#SRR5355280,0.9166224399264922
GSE96769#SRR5355231,0.9868201031410553
GSE96769#SRR5354503,0.3622197593063549
GSE96769#SRR5356132,0.5938559703752816
GSE96769#SRR5355290,0.9563226574880188
GSE96769#SRR5353498,0.24919027975058952
GSE96769#SRR5355942,0.5499699858981675
GSE96769#SRR5355500,0.7778497687383507
GSE96769#SRR5353509,0.3454966746409802
GSE96769#SRR5354140,0.6432324139767778
GSE96769#SRR5354285,0.6280598166432412
GSE96769#SRR5356010,0.5729853858214361
GSE96769#SRR5354571,0.40353950429999536
GSE96769#SRR5355111,0.8212523408585586
GSE96769#SRR5355223,0.9262578278095611
GSE96769#SRR5355278,0.8717451536262631
GSE96769#SRR5355499,0.6885341921166314
GSE96769#SRR5355695,0.9473807583431436
GSE96769#SRR5356064,0.5609683308551495
GSE96769#SRR5355130,0.8792966675136602
GSE96769#SRR5355018,0.5522573610691517
GSE96769#SRR5354484,0.2908439122864742
GSE96769#SRR5355985,0.5517632337925322
GSE96769#SRR5355625,0.9301812419700376
GSE96769#SRR5353982,0.6407835093040551
GSE96769#SRR5356085,0.565351220978879
GSE96769#SRR5355822,0.5981528209743285
GSE96769#SRR5354282,0.5830803537282013
GSE96769#SRR5355746,0.9612758092079264
GSE96769#SRR5355207,0.8564776959184849
GSE96769#SRR5354433,0.519466614669295
GSE96769#SRR5354771,0.5543760046158679
GSE96769#SRR5356013,0.593482249642146
GSE96769#SRR5356112,0.5355889856362337
GSE96769#SRR5355119,0.9084202689635975
GSE96769#SRR5353388,0.39724806893684383
GSE96769#SRR5355784,0.5541987037622482
GSE96769#SRR5355088,0.5741880121907547
GSE96769#SRR5355844,0.564279222937134
GSE96769#SRR5354270,0.6759975824263391
GSE96769#SRR5353974,0.5596073370313559
GSE96769#SRR5355077,0.5744863259140641
GSE96769#SRR5355152,0.8734409130897389
GSE96769#SRR5355748,0.870793169654976
GSE96769#SRR5355578,0.7832139924641978
GSE96769#SRR5354679,0.5059572743197784
GSE96769#SRR5355589,0.9370092465808401
GSE96769#SRR5355035,0.6285947142045445
GSE96769#SRR5355197,0.866400409665841
GSE96769#SRR5355159,0.8913837798287826
GSE96769#SRR5355776,0.5446544219217857
GSE96769#SRR5354348,0.5077807477055757
GSE96769#SRR5356048,0.9218994582288749
GSE96769#SRR5354294,0.5649827255231393
GSE96769#SRR5353528,0.2406821940650597
GSE96769#SRR5353811,0.41318206597742224
GSE96769#SRR5353640,0.38487017420677333
GSE96769#SRR5354016,0.5762421190478597
GSE96769#SRR5354722,0.48080484831083475
GSE96769#SRR5355226,0.9658606154164916
GSE96769#SRR5354135,0.5511279024239375
GSE96769#SRR5355040,0.5876623357601414
GSE96769#SRR5354339,0.41176622872741137
GSE96769#SRR5356145,0.6321908992358677
GSE96769#SRR5354361,0.4458325762837166
GSE96769#SRR5354265,0.7372934598704658
GSE96769#SRR5354454,0.5357994834639217
GSE96769#SRR5356023,0.5109148837326276
GSE96769#SRR5356116,0.5877129879362094
GSE96769#SRR5354105,0.6101411476576662
GSE96769#SRR5354346,0.5364426932310619
GSE96769#SRR5355087,0.5888198379660395
GSE96769#SRR5354133,0.6013333320537654
GSE96769#SRR5355764,0.9320910594981602
GSE96769#SRR5354586,0.5020848283988392
GSE96769#SRR5355880,0.540885725116682
GSE96769#SRR5353563,0.2853514675822476
GSE96769#SRR5355639,0.9467524231034582
GSE96769#SRR5354705,0.41536842879047076
GSE96769#SRR5356119,0.6264943306977382
GSE96769#SRR5354634,0.3116079589025344
GSE96769#SRR5355769,0.8822533087853038
GSE96769#SRR5354893,0.5854730000857388
GSE96769#SRR5355284,0.9279571197671568
GSE96769#SRR5355156,0.8151961384441986
GSE96769#SRR5355201,0.8524691048517488
GSE96769#SRR5356078,0.5586168997872283
GSE96769#SRR5354053,0.6295142105410311
GSE96769#SRR5354278,0.696576327774171
GSE96769#SRR5355933,0.5642391545341097
GSE96769#SRR5355011,0.5491599610674769
GSE96769#SRR5356107,0.5578669948320932
GSE96769#SRR5354337,0.5762101440188228
GSE96769#SRR5355545,0.7462192277525515
GSE96769#SRR5354371,0.5136124392696787
GSE96769#SRR5353602,0.37559052757316236
GSE96769#SRR5355750,0.9452960977900092
GSE96769#SRR5354754,0.5219914680500333
GSE96769#SRR5355009,0.5242967137615363
GSE96769#SRR5353744,0.4338541391162351
GSE96769#SRR5355575,0.7847065611485415
GSE96769#SRR5355690,0.9294128807804273
GSE96769#SRR5354126,0.6017992603354959
GSE96769#SRR5355706,0.9523445449447192
GSE96769#SRR5355023,0.557526048746569
GSE96769#SRR5354807,0.46758841596781514
GSE96769#SRR5353737,0.4419409418908081
GSE96769#SRR5353564,0.24445759696200853
GSE96769#SRR5355948,0.5384205808199382
GSE96769#SRR5354098,0.5652128821477969
GSE96769#SRR5354442,0.4902144974914212
GSE96769#SRR5354400,0.49193283356470185
GSE96769#SRR5355044,0.5918685523981883
GSE96769#SRR5355910,0.5338158545450081
GSE96769#SRR5354284,0.6840608598945519
GSE96769#SRR5354775,0.5033043304010746
GSE96769#SRR5355497,0.7390269491782604
GSE96769#SRR5355070,0.5439207726290001
GSE96769#SRR5355702,0.8657180601636338
GSE96769#SRR5355092,0.7620095201301039
GSE96769#SRR5355050,0.5736854032063583
GSE96769#SRR5354138,0.5326568114920843
GSE96769#SRR5355862,0.5688102573041478
GSE96769#SRR5355842,0.6132421752365501
GSE96769#SRR5354725,0.5720714493380896
GSE96769#SRR5355867,0.6376204423114057
GSE96769#SRR5353981,0.4653435127850732
GSE96769#SRR5355235,0.9788863719006204
GSE96769#SRR5355694,0.9591562630388388
GSE96769#SRR5355160,0.8496657421424573
GSE96769#SRR5354512,0.5082430079789029
GSE96769#SRR5355514,0.6738355582094832
GSE96769#SRR5355164,0.9098649927017531
GSE96769#SRR5353696,0.45142104588558535
GSE96769#SRR5354090,0.617686477821724
GSE96769#SRR5353708,0.3890077187884464
GSE96769#SRR5355491,0.7834405548014427
GSE96769#SRR5353597,0.40185736929896143
GSE96769#SRR5354118,0.6344726234679448
GSE96769#SRR5355691,0.9384075704393005
GSE96769#SRR5355133,0.7719885997351627
GSE96769#SRR5354017,0.4451365103885362
GSE96769#SRR5355141,0.8652108882531462
GSE96769#SRR5354750,0.5398320085136099
GSE96769#SRR5354229,0.5544574259707669
GSE96769#SRR5353874,0.39116919543934875
GSE96769#SRR5355216,0.846000319165648
GSE96769#SRR5355767,0.9084230501968638
GSE96769#SRR5355147,0.837584229124535
GSE96769#SRR5354136,0.5179439436137667
GSE96769#SRR5353417,0.46657645007970766
GSE96769#SRR5353728,0.3588716214140529
GSE96769#SRR5355146,0.8542197512560352
GSE96769#SRR5355638,0.8423170532516364
GSE96769#SRR5355878,0.5523763362473724
GSE96769#SRR5353638,0.36000007836631776
GSE96769#SRR5353422,0.28974110779225365
GSE96769#SRR5355914,0.5752350643496889
GSE96769#SRR5355798,0.5231953325689402
GSE96769#SRR5354137,0.5388274093656947
GSE96769#SRR5355634,0.9564594784110975
GSE96769#SRR5355945,0.5456446393891167
GSE96769#SRR5354103,0.5908751757377874
GSE96769#SRR5354672,0.48541926664493196
GSE96769#SRR5355710,0.9339330375888617
GSE96769#SRR5356105,0.6296706027517718
GSE96769#SRR5354369,0.4982589542025452
GSE96769#SRR5355270,0.8797740583924063
GSE96769#SRR5355662,0.948184890771826
GSE96769#SRR5355288,0.942948038740736
GSE96769#SRR5354487,0.48410148305059425
GSE96769#SRR5354550,0.5357203198521494
GSE96769#SRR5355814,0.5752340266673399
GSE96769#SRR5355213,0.8512036198910242
GSE96769#SRR5355956,0.5729442681426964
GSE96769#SRR5356086,0.6280969808842151
GSE96769#SRR5355782,0.5050201685576882
GSE96769#SRR5354502,0.493756997208294
GSE96769#SRR5354295,0.5458455364955282
GSE96769#SRR5355588,0.9328217685775443
GSE96769#SRR5355806,0.5337435436624459
GSE96769#SRR5354612,0.3316341425978232
GSE96769#SRR5355268,0.888678667122205
GSE96769#SRR5353464,0.5038071059239708
GSE96769#SRR5355955,0.5105195456107242
GSE96769#SRR5355594,0.9396801320839467
GSE96769#SRR5355688,0.9417373340805574
GSE96769#SRR5353865,0.38087509741443276
GSE96769#SRR5355615,0.9488285743536233
GSE96769#SRR5354774,0.6348761430143395
GSE96769#SRR5354414,0.5240349417674774
GSE96769#SRR5354443,0.18078131886351645
GSE96769#SRR5355110,0.8493958903285749
GSE96769#SRR5356009,0.5963192331419926
GSE96769#SRR5354374,0.49706757039700994
GSE96769#SRR5354791,0.4623628001604535
GSE96769#SRR5355072,0.48775638952954015
GSE96769#SRR5355093,0.5823036133579619
GSE96769#SRR5353656,0.2440527495307932
GSE96769#SRR5354108,0.5055910909246668
GSE96769#SRR5356109,0.5785241987939527
GSE96769#SRR5355800,0.560099844446076
GSE96769#SRR5354602,0.40660433077953634
GSE96769#SRR5355815,0.5318411018464516
GSE96769#SRR5353749,0.42525136569430916
GSE96769#SRR5355809,0.6002407044715093
GSE96769#SRR5354816,0.49945987315018314
GSE96769#SRR5355930,0.5144809011724394
GSE96769#SRR5355531,0.6678565088082877
GSE96769#SRR5354528,0.5191885714131669
GSE96769#SRR5354251,0.5818538073274141
GSE96769#SRR5354075,0.6008944967709686
GSE96769#SRR5354292,0.5374863184768306
GSE96769#SRR5354104,0.6469789774417735
GSE96769#SRR5355770,0.955867381558264
GSE96769#SRR5354124,0.6346767977334827
GSE96769#SRR5353704,0.45132619227524046
GSE96769#SRR5355741,0.9586414513640564
GSE96769#SRR5354485,0.48443352631147335
GSE96769#SRR5353883,0.4759718469773117
GSE96769#SRR5355501,0.7103569306907066
GSE96769#SRR5356027,0.6208535992991515
GSE96769#SRR5354280,0.6151672580565862
GSE96769#SRR5355025,0.6078772415653725
GSE96769#SRR5354745,0.7145097554692155
GSE96769#SRR5355041,0.5880246545587877
GSE96769#SRR5355495,0.7351247713062402
GSE96769#SRR5354500,0.5066006628264564
GSE96769#SRR5355303,0.8954619026330297
GSE96769#SRR5354786,0.48270673999957475
GSE96769#SRR5354684,0.32554180400304683
GSE96769#SRR5353941,0.2501443336639937
GSE96769#SRR5355953,0.5275735227661535
GSE96769#SRR5354483,0.5305961486535572
GSE96769#SRR5355937,0.5469707434054705
GSE96769#SRR5353379,0.24714019983129137
GSE96769#SRR5355726,0.9371579643128186
GSE96769#SRR5354781,0.5922336748023992
GSE96769#SRR5355579,0.7970109125086733
GSE96769#SRR5355082,0.5614640260530357
GSE96769#SRR5353804,0.3978234763513619
GSE96769#SRR5355554,0.7871094254762646
GSE96769#SRR5354113,0.6412384814223444
GSE96769#SRR5354250,0.6543541358204024
GSE96769#SRR5354372,0.3161307901533517
GSE96769#SRR5355874,0.5311517076444581
GSE96769#SRR5354752,0.4096299537443635
GSE96769#SRR5356140,0.624411428413029
GSE96769#SRR5353562,0.32493458556370397
GSE96769#SRR5353986,0.5066583705923299
GSE96769#SRR5355037,0.5303795779796733
GSE96769#SRR5353449,0.23548516265101302
GSE96769#SRR5354907,0.5384792729478098
GSE96769#SRR5354445,0.49026649739815875
GSE96769#SRR5354533,0.6130161860818509
GSE96769#SRR5354130,0.6501477221479117
GSE96769#SRR5355819,0.6219325567950846
GSE96769#SRR5355744,0.9602183246505982
GSE96769#SRR5355563,0.7822550277475199
GSE96769#SRR5353979,0.4348887833892231
GSE96769#SRR5354464,0.5861946634984426
GSE96769#SRR5355222,0.9127095404223137
GSE96769#SRR5355264,0.845210073933852
GSE96769#SRR5355869,0.5775798173343057
GSE96769#SRR5355366,0.64436507343619
GSE96769#SRR5355581,0.9556173985957122
GSE96769#SRR5354315,0.6285132898216076
GSE96769#SRR5353715,0.33055754133680426
GSE96769#SRR5356033,0.6535609371617402
GSE96769#SRR5354461,0.5679633673483093
GSE96769#SRR5355861,0.5831089908693221
GSE96769#SRR5355689,0.9433059454476802
GSE96769#SRR5354306,0.6586013049112501
GSE96769#SRR5355963,0.6032724232623341
GSE96769#SRR5354746,0.48170187353790606
GSE96769#SRR5354211,0.3246500045749977
GSE96769#SRR5353517,0.47957166237193777
GSE96769#SRR5353922,0.3263825666191956
GSE96769#SRR5354814,0.5170191908017788
GSE96769#SRR5355150,0.8409171318260109
GSE96769#SRR5353812,0.29817752336240655
GSE96769#SRR5355051,0.5497005940691496
GSE96769#SRR5354480,0.5743069818658514
GSE96769#SRR5355298,0.8303809040300725
GSE96769#SRR5353418,0.34595639540876794
GSE96769#SRR5354463,0.5074790871700634
GSE96769#SRR5355498,0.7983026182748038
GSE96769#SRR5354129,0.5347789491683462
GSE96769#SRR5355656,0.929390469767429
GSE96769#SRR5354052,0.565503061090067
GSE96769#SRR5353434,0.24835534570707635
GSE96769#SRR5353677,0.4717277496423982
GSE96769#SRR5354868,0.615321146212936
GSE96769#SRR5354789,0.5242150677467273
GSE96769#SRR5353623,0.19254118933405417
GSE96769#SRR5355321,0.7014041911012872
GSE96769#SRR5354253,0.7283170357743147
GSE96769#SRR5355915,0.5353369641797131
GSE96769#SRR5355756,0.9135496804780646
GSE96769#SRR5355883,0.5295141743455883
GSE96769#SRR5354089,0.589087272714257
GSE96769#SRR5355140,0.8458875128546801
GSE96769#SRR5356124,0.5748609566178359
GSE96769#SRR5356093,0.6297399131884254
GSE96769#SRR5354766,0.4653970474328812
GSE96769#SRR5354273,0.7012347288452737
GSE96769#SRR5353416,0.3229585689267346
GSE96769#SRR5354517,0.4159240384697121
GSE96769#SRR5354609,0.3824738656821592
GSE96769#SRR5355548,0.7860764344948455
GSE96769#SRR5354795,0.5106116672473553
GSE96769#SRR5354027,0.4698233643894745
GSE96769#SRR5354219,0.4329830066248955
GSE96769#SRR5354304,0.6578437001411496
GSE96769#SRR5355674,0.9453843377990401
GSE96769#SRR5355034,0.856684846391623
GSE96769#SRR5353468,0.3512202697011705
GSE96769#SRR5354452,0.5556448642207059
GSE96769#SRR5354514,0.336632701199146
GSE96769#SRR5354167,0.5060726990025253
GSE96769#SRR5354796,0.44423700709635794
GSE96769#SRR5354058,0.5973443458720822
GSE96769#SRR5353937,0.34445019130434745
GSE96769#SRR5355611,0.9456071158046575
GSE96769#SRR5356150,0.5636824703981963
GSE96769#SRR5354427,0.4889863831398533
GSE96769#SRR5355909,0.5598242133471806
GSE96769#SRR5353603,0.34604970894385206
GSE96769#SRR5354020,0.5778867710533505
GSE96769#SRR5353679,0.35123459849841177
GSE96769#SRR5354495,0.23652308996951044
GSE96769#SRR5355703,0.9555203538073695
GSE96769#SRR5354842,0.5780614050941999
GSE96769#SRR5354492,0.48366765330611183
GSE96769#SRR5353703,0.3983743030108212
GSE96769#SRR5353951,0.4183678519754153
GSE96769#SRR5355510,0.7936722200092692
GSE96769#SRR5354100,0.5725401644010715
GSE96769#SRR5354205,0.43084439665523816
GSE96769#SRR5354128,0.539588266415801
GSE96769#SRR5354738,0.4287381310192262
GSE96769#SRR5355530,0.7789542802075051
GSE96769#SRR5353972,0.8273208186115153
GSE96769#SRR5355827,0.5612441922768986
GSE96769#SRR5355904,0.5925871055269608
GSE96769#SRR5355653,0.934786234423262
GSE96769#SRR5354262,0.6285376822554971
GSE96769#SRR5353451,0.35092169378658766
GSE96769#SRR5353538,0.1836141416770903
GSE96769#SRR5354724,0.5449396313903593
GSE96769#SRR5355282,0.9013774245740206
GSE96769#SRR5355627,0.953931491143298
GSE96769#SRR5355013,0.5405798744035104
GSE96769#SRR5355778,0.5876156699217009
GSE96769#SRR5355537,0.7744958379500038
GSE96769#SRR5354386,0.496630894110925
GSE96769#SRR5353559,0.19822032635368605
GSE96769#SRR5354467,0.4785601197519651
GSE96769#SRR5355911,0.581609124419874
GSE96769#SRR5354112,0.5168807690977117
GSE96769#SRR5354567,0.4517806193734564
GSE96769#SRR5355313,0.8760930427277723
GSE96769#SRR5354272,0.6701483347653154
GSE96769#SRR5353660,0.2869434979577014
GSE96769#SRR5355522,0.7918810456449946
GSE96769#SRR5354316,0.650961882279781
GSE96769#SRR5353923,0.3111626966653024
GSE96769#SRR5354094,0.6095289256113531
GSE96769#SRR5356039,0.6963867537000392
GSE96769#SRR5353535,0.22970697862750972
GSE96769#SRR5354082,0.6446594666015972
GSE96769#SRR5354559,0.47404967675468845
GSE96769#SRR5354561,0.2434267295143856
GSE96769#SRR5354162,0.5274778645125938
GSE96769#SRR5355843,0.5722544872757072
GSE96769#SRR5353751,0.396510751904565
GSE96769#SRR5354071,0.5779801080368961
GSE96769#SRR5354300,0.5246848604298107
GSE96769#SRR5355027,0.725142778609294
GSE96769#SRR5355137,0.5849538386569332
GSE96769#SRR5354520,0.5119870728153706
GSE96769#SRR5355795,0.5330720092151281
GSE96769#SRR5354588,0.5114371313052234
GSE96769#SRR5355649,0.9069426862928186
GSE96769#SRR5353377,0.36066960694938105
GSE96769#SRR5353400,0.43843889767965155
GSE96769#SRR5354264,0.7103528090571963
GSE96769#SRR5355665,0.959103039306292
GSE96769#SRR5354119,0.6123391754174968
GSE96769#SRR5354003,0.5006478500933069
GSE96769#SRR5355680,0.8892399082707212
GSE96769#SRR5354389,0.47261768294832845
GSE96769#SRR5355310,0.807372598413604
GSE96769#SRR5354809,0.5074360039789778
GSE96769#SRR5355078,0.6364823614092031
GSE96769#SRR5355833,0.6135689127163513
GSE96769#SRR5353912,0.27191853587828096
GSE96769#SRR5355012,0.609292343452526
GSE96769#SRR5354039,0.8087931489351792
GSE96769#SRR5353684,0.4204619564333676
GSE96769#SRR5353463,0.1785666473381478
GSE96769#SRR5354806,0.38994215805380195
GSE96769#SRR5353543,0.18274104608921063
GSE96769#SRR5354183,0.5757867581817669
GSE96769#SRR5356136,0.6077531019642464
GSE96769#SRR5353989,0.44497152408629126
GSE96769#SRR5355872,0.5724141043582254
GSE96769#SRR5354494,0.5023789085123863
GSE96769#SRR5353572,0.32828305151248577
GSE96769#SRR5354902,0.5837696487730634
GSE96769#SRR5354123,0.6152894012369112
GSE96769#SRR5355542,0.6757755866474905
GSE96769#SRR5354597,0.504969836964193
GSE96769#SRR5355779,0.49349795041842176
GSE96769#SRR5353628,0.27111161805540135
GSE96769#SRR5354447,0.49792681279608286
GSE96769#SRR5354692,0.566826131104233
GSE96769#SRR5355893,0.5315214028625884
GSE96769#SRR5353842,0.4295647013845964
GSE96769#SRR5354888,0.6260985073875464
GSE96769#SRR5355714,0.9571248357490795
GSE96769#SRR5353439,0.21160812929220701
GSE96769#SRR5354686,0.49330104219922183
GSE96769#SRR5355698,0.915186510169518
GSE96769#SRR5353756,0.3884963376002458
GSE96769#SRR5354460,0.5038889716080183
GSE96769#SRR5353692,0.476988182534877
GSE96769#SRR5355715,0.9534079698710235
GSE96769#SRR5353706,0.3358709019276708
GSE96769#SRR5355677,0.9626844759596527
GSE96769#SRR5354258,0.7123401116520982
GSE96769#SRR5354647,0.35581409772955075
GSE96769#SRR5354800,0.49607226891047823
GSE96769#SRR5355071,0.6298595451692056
GSE96769#SRR5354698,0.46992165486005033
GSE96769#SRR5354830,0.645879334600381
GSE96769#SRR5354199,0.8377522042686477
GSE96769#SRR5355881,0.5330765881199949
GSE96769#SRR5353694,0.4715639215911616
GSE96769#SRR5354107,0.5279157527959896
GSE96769#SRR5354723,0.41246719707311497
GSE96769#SRR5355700,0.9548970319884716
GSE96769#SRR5353740,0.5913192941659045
GSE96769#SRR5353701,0.4290805998521857
GSE96769#SRR5355633,0.9382548916300616
GSE96769#SRR5354035,0.5236967867144746
GSE96769#SRR5354678,0.5247304094541588
GSE96769#SRR5355315,0.8840783159500096
GSE96769#SRR5355185,0.822044593404652
GSE96769#SRR5354777,0.5075108386269143
GSE96769#SRR5354236,0.5827198772985865
GSE96769#SRR5355929,0.5579452964797543
GSE96769#SRR5354267,0.7240974508270714
GSE96769#SRR5354660,0.47819603410073946
GSE96769#SRR5355480,0.7896355715321354
GSE96769#SRR5354769,0.4488086648860813
GSE96769#SRR5353732,0.3285277882693404
GSE96769#SRR5355014,0.5940853575889318
GSE96769#SRR5354342,0.516612505097456
GSE96769#SRR5355322,0.9023543306952377
GSE96769#SRR5355801,0.5203123450020752
GSE96769#SRR5353716,0.3944431993157449
GSE96769#SRR5354171,0.5384671102346286
GSE96769#SRR5354710,0.5027372606355988
GSE96769#SRR5353891,0.18619533421656784
GSE96769#SRR5354099,0.5290257640480768
GSE96769#SRR5354756,0.4658439653950086
GSE96769#SRR5355734,0.9322325730527317
GSE96769#SRR5353442,0.2701827243275189
GSE96769#SRR5353432,0.36553231524307084
GSE96769#SRR5354033,0.46213313182586735
GSE96769#SRR5354486,0.5623341632271193
GSE96769#SRR5354793,0.49844481555063
GSE96769#SRR5354169,0.5046431444824184
GSE96769#SRR5354006,0.4807927309547145
GSE96769#SRR5355749,0.9507440204340429
GSE96769#SRR5355847,0.6320420221544271
GSE96769#SRR5353977,0.5229518391265788
GSE96769#SRR5354837,0.5587888466261558
GSE96769#SRR5355811,0.5404444497508687
GSE96769#SRR5354625,0.5436330333962269
GSE96769#SRR5354803,0.5026297717646986
GSE96769#SRR5355644,0.9423410432574766
GSE96769#SRR5353440,0.24297530454020813
GSE96769#SRR5356067,0.5842684860179251
GSE96769#SRR5353995,0.4747595577013586
GSE96769#SRR5354312,0.6480378236469362
GSE96769#SRR5355520,0.7822142226984463
GSE96769#SRR5354018,0.4570039432737817
GSE96769#SRR5354310,0.6704536045177172
GSE96769#SRR5355054,0.5135494342102249
GSE96769#SRR5354382,0.5457602892960227
GSE96769#SRR5354615,0.3153169520331256
GSE96769#SRR5355860,0.5567083616175351
GSE96769#SRR5355020,0.5974530310737632
GSE96769#SRR5355107,0.8310870194872781
GSE96769#SRR5354230,0.5310915053696509
GSE96769#SRR5353965,0.4741439421569593
GSE96769#SRR5353655,0.16940571174606806
GSE96769#SRR5354488,0.557593827403748
GSE96769#SRR5353497,0.10108004293800238
GSE96769#SRR5355487,0.7934005549792446
GSE96769#SRR5355712,0.9351477250136726
GSE96769#SRR5354291,0.6445342374004934
GSE96769#SRR5354436,0.5239504254087465
GSE96769#SRR5353566,0.42759966404463284
GSE96769#SRR5355619,0.9445351025342451
GSE96769#SRR5355252,0.8956574898077807
GSE96769#SRR5354305,0.621979914696357
GSE96769#SRR5353642,0.40127043360894976
GSE96769#SRR5354757,0.5490477614794124
GSE96769#SRR5353963,0.5441523128042323
GSE96769#SRR5354186,0.5672574342499968
GSE96769#SRR5354030,0.7687204589931707
GSE96769#SRR5355681,0.9639294148046154
GSE96769#SRR5355214,0.8909137955567318
GSE96769#SRR5355803,0.5658293003461662
GSE96769#SRR5354919,0.6255417755142181
GSE96769#SRR5354213,0.41619601960386515
GSE96769#SRR5354045,0.42341164071005705
GSE96769#SRR5353453,0.399845459535865
GSE96769#SRR5354066,0.622722731627523
GSE96769#SRR5353454,0.2801690205516045
GSE96769#SRR5354656,0.4410687097960747
GSE96769#SRR5354248,0.649041157256007
GSE96769#SRR5354826,0.6100673013411969
GSE96769#SRR5354172,0.5156031674769632
GSE96769#SRR5353620,0.29723281212983854
GSE96769#SRR5355074,0.6727094697667804
GSE96769#SRR5354290,0.5185538357262295
GSE96769#SRR5353959,0.5174938178173636
GSE96769#SRR5355614,0.9680632299144974
GSE96769#SRR5355154,0.7311546716980036
GSE96769#SRR5355832,0.5804653728298784
GSE96769#SRR5353525,0.4031700086813873
GSE96769#SRR5354677,0.5352394635491095
GSE96769#SRR5355768,0.9554004721409793
GSE96769#SRR5353917,0.35019810202193635
GSE96769#SRR5356155,0.5834218205212202
GSE96769#SRR5355149,0.840958574023078
GSE96769#SRR5355327,0.86329631370942
GSE96769#SRR5353557,0.020921292797290204
GSE96769#SRR5353425,0.12278053914414026
GSE96769#SRR5356025,0.80324160539668
GSE96769#SRR5354853,0.6244011856982413
GSE96769#SRR5355058,0.55988919058037
GSE96769#SRR5354555,0.32404384501773864
GSE96769#SRR5354064,0.6649914230383492
GSE96769#SRR5354174,0.5417564818947926
GSE96769#SRR5353747,0.4232473154135227
GSE96769#SRR5353962,0.5266765196528549
GSE96769#SRR5354451,0.44304392561081835
GSE96769#SRR5355131,0.8785755020617874
GSE96769#SRR5353385,0.32962950633118626
GSE96769#SRR5354646,0.4487473288403681
GSE96769#SRR5354551,0.48971554441015025
GSE96769#SRR5354299,0.49837680634919174
GSE96769#SRR5353423,0.18356925230072493
GSE96769#SRR5355066,0.5764071501697066
GSE96769#SRR5355329,0.8915839761772948
GSE96769#SRR5355083,0.5597994967499061
GSE96769#SRR5354235,0.5519694114784022
GSE96769#SRR5355602,0.9195731204457598
GSE96769#SRR5353702,0.35118368658964333
GSE96769#SRR5354529,0.2988151305734025
GSE96769#SRR5354323,0.6602110270758068
GSE96769#SRR5354667,0.5386242089262088
GSE96769#SRR5353971,0.454702124640501
GSE96769#SRR5354568,0.5111952382441026
GSE96769#SRR5355745,0.9539000993920027
GSE96769#SRR5354271,0.6735363162704002
GSE96769#SRR5353956,0.4152459985652317
GSE96769#SRR5353526,0.24774867055474786
GSE96769#SRR5353512,0.1305165490236645
GSE96769#SRR5353961,0.5364070972741322
GSE96769#SRR5353713,0.2721133858975726
GSE96769#SRR5354056,0.6397442508889196
GSE96769#SRR5353639,0.1608130032612136
GSE96769#SRR5354076,0.5906067691083109
GSE96769#SRR5355895,0.5589103953471685
GSE96769#SRR5355979,0.5697262651822537
GSE96769#SRR5354459,0.5390941588554389
GSE96769#SRR5354318,0.684909720480861
GSE96769#SRR5354341,0.5132687454000765
GSE96769#SRR5353570,0.46463095848031666
GSE96769#SRR5353831,0.3752034186819563
GSE96769#SRR5353386,0.2398669768408432
GSE96769#SRR5355658,0.9342226562450201
GSE96769#SRR5355377,0.8184214514639864
GSE96769#SRR5353430,0.3646211753153568
GSE96769#SRR5355116,0.867923019530435
GSE96769#SRR5353481,0.30426458701818754
GSE96769#SRR5355813,0.6200401851749741
GSE96769#SRR5353480,0.4382115659775362
GSE96769#SRR5355678,0.9580991214335194
GSE96769#SRR5355596,0.9187903107472775
GSE96769#SRR5355262,0.8794859075609037
GSE96769#SRR5355052,0.565232821021255
GSE96769#SRR5355103,0.5832765602414521
GSE96769#SRR5355812,0.6144930262666103
GSE96769#SRR5353934,0.24683869020087165
GSE96769#SRR5353845,0.43821185638875454
GSE96769#SRR5353746,0.3057436107086285
GSE96769#SRR5356103,0.8470399017444314
GSE96769#SRR5353457,0.2656547150597617
GSE96769#SRR5354187,0.43433796127566887
GSE96769#SRR5355336,0.8704708455891816
GSE96769#SRR5354838,0.5864448403243055
GSE96769#SRR5353836,0.46019316934767956
GSE96769#SRR5353608,0.2513548276331832
GSE96769#SRR5353396,0.17036565906409695
GSE96769#SRR5354841,0.7011984175428873
GSE96769#SRR5354010,0.4590011476940003
GSE96769#SRR5356138,0.561274894179298
GSE96769#SRR5355736,0.8869425865887202
GSE96769#SRR5353574,0.3841706586224205
GSE96769#SRR5355561,0.7970279825601738
GSE96769#SRR5354675,0.4867230908147731
GSE96769#SRR5355379,0.8564322545357436
GSE96769#SRR5354890,0.5854006738588577
GSE96769#SRR5354788,0.4773335768285463
GSE96769#SRR5354790,0.5411906851310058
GSE96769#SRR5355547,0.649904445471686
GSE96769#SRR5355713,0.916357579782814
GSE96769#SRR5354532,0.5219382491711079
GSE96769#SRR5354430,0.3822444263893602
GSE96769#SRR5353465,0.4443453385801724
GSE96769#SRR5353727,0.4888358493020404
GSE96769#SRR5354758,0.5555493526449915
GSE96769#SRR5353473,0.32903586675347946
GSE96769#SRR5353631,0.23116492577430264
GSE96769#SRR5354266,0.719399640003755
GSE96769#SRR5354179,0.503330433560873
GSE96769#SRR5355065,0.6208428587418249
GSE96769#SRR5354861,0.569994223407503
GSE96769#SRR5353389,0.3086842273593846
GSE96769#SRR5354767,0.5209025493343374
GSE96769#SRR5353475,0.39238444154627744
GSE96769#SRR5354160,0.5098881823229231
GSE96769#SRR5353619,0.24459833110205553
GSE96769#SRR5354860,0.583251091942564
GSE96769#SRR5354350,0.5192037846728031
GSE96769#SRR5355603,0.9383479463744462
GSE96769#SRR5353579,0.2048695807475298
GSE96769#SRR5354302,0.6390545797727327
GSE96769#SRR5354153,0.4561561978306888
GSE96769#SRR5354855,0.559974778159045
GSE96769#SRR5354792,0.46467696606839165
GSE96769#SRR5354604,0.34795718177061113
GSE96769#SRR5353529,0.37374984631654395
GSE96769#SRR5355699,0.9212771112961518
GSE96769#SRR5353689,0.36583245466791753
GSE96769#SRR5353560,0.2951495622294371
GSE96769#SRR5354703,0.6900032112883723
GSE96769#SRR5354708,0.5088009011630679
GSE96769#SRR5353723,0.36043834786563667
GSE96769#SRR5354762,0.5533122327898305
GSE96769#SRR5353403,0.2903243565483519
GSE96769#SRR5353988,0.7845576562241572
GSE96769#SRR5354873,0.6094681553663073
GSE96769#SRR5354093,0.5023197530357769
GSE96769#SRR5354203,0.5133106139215932
GSE96769#SRR5353408,0.29374234280975964
GSE96769#SRR5354218,0.38785716736584547
GSE96769#SRR5355891,0.5230092306494727
GSE96769#SRR5354023,0.4083674489837907
GSE96769#SRR5353531,0.18093060468691521
GSE96769#SRR5355824,0.6136968320184573
GSE96769#SRR5353601,0.40955062129127595
GSE96769#SRR5353926,0.14210847538427682
GSE96769#SRR5354537,0.5485708969605476
GSE96769#SRR5353392,0.18115773792465742
GSE96769#SRR5355873,0.5635190210949292
GSE96769#SRR5354764,0.5686713581511621
GSE96769#SRR5355938,0.5860905307970387
GSE96769#SRR5354651,0.5565532111202068
GSE96769#SRR5353419,0.24831687348993828
GSE96769#SRR5354159,0.4738104670802079
GSE96769#SRR5353814,0.397166923097543
GSE96769#SRR5355912,0.6251743635364954
GSE96769#SRR5354554,0.7314631812731728
GSE96769#SRR5354908,0.6885657624107062
GSE96769#SRR5355740,0.9544156274412328
GSE96769#SRR5355693,0.9616824936062522
GSE96769#SRR5354772,0.5480806364145556
GSE96769#SRR5355049,0.5348482579264722
GSE96769#SRR5353911,0.2437211246870512
GSE96769#SRR5355053,0.5207043877651026
GSE96769#SRR5354391,0.5131701248684897
GSE96769#SRR5354353,0.4329415939238126
GSE96769#SRR5356065,0.5826851245882361
GSE96769#SRR5353398,0.36433129607778947
GSE96769#SRR5356071,0.6125666445350707
GSE96769#SRR5353447,0.13045140200200253
GSE96769#SRR5355019,0.5674421881208027
GSE96769#SRR5355787,0.548489627578708
GSE96769#SRR5353502,0.2115108135180354
GSE96769#SRR5354885,0.570186597210564
GSE96769#SRR5355076,0.5366960325753998
GSE96769#SRR5354899,0.6959115438491799
GSE96769#SRR5354085,0.5790130292268844
GSE96769#SRR5356063,0.5781203402795587
GSE96769#SRR5354078,0.49568738939409984
GSE96769#SRR5353687,0.3436804728814194
GSE96769#SRR5354435,0.5075210322644413
GSE96769#SRR5354877,0.6496632626976484
GSE96769#SRR5353605,0.21509851465971636
GSE96769#SRR5354784,0.4925074696051535
GSE96769#SRR5356049,0.9518195702272434
GSE96769#SRR5355785,0.5741213003711411
GSE96769#SRR5355804,0.574574158716275
GSE96769#SRR5354856,0.5073316518461735
GSE96769#SRR5354031,0.43403293273118726
GSE96769#SRR5354536,0.46179982211529186
GSE96769#SRR5355061,0.573549659398827
GSE96769#SRR5353511,0.28976911420536
GSE96769#SRR5354242,0.6454814658883892
GSE96769#SRR5353720,0.44822528921788996
GSE96769#SRR5354475,0.47280472170206683
GSE96769#SRR5354176,0.48983780872178934
GSE96769#SRR5355312,0.7924961872495613
GSE96769#SRR5355241,0.9100391354501416
GSE96769#SRR5354465,0.6284385323887717
GSE96769#SRR5353975,0.49571323775184906
GSE96769#SRR5353955,0.4583748866489819
GSE96769#SRR5354216,0.3599309406947014
GSE96769#SRR5355056,0.5435361463521126
GSE96769#SRR5354196,0.4378446438946948
GSE96769#SRR5354084,0.5798219565117085
GSE96769#SRR5355486,0.7875092194453174
GSE96769#SRR5353827,0.44593408355051156
GSE96769#SRR5353524,0.2997349794529858
GSE96769#SRR5355265,0.8068990603457225
GSE96769#SRR5355029,0.5371112508946773
GSE96769#SRR5354847,0.5702998547932634
GSE96769#SRR5354770,0.5317681769386253
GSE96769#SRR5354072,0.6084136648599712
GSE96769#SRR5355204,0.9264484428594664
GSE96769#SRR5354239,0.23318793569420176
GSE96769#SRR5354748,0.399929939620848
GSE96769#SRR5355863,0.5531496555319538
GSE96769#SRR5356029,0.6734708481151768
GSE96769#SRR5353992,0.42469203240856096
GSE96769#SRR5353730,0.3985130244215068
GSE96769#SRR5355707,0.9445716281369391
GSE96769#SRR5356036,0.9169066489289396
GSE96769#SRR5354763,0.5520309482598623
GSE96769#SRR5355789,0.5431382235092325
GSE96769#SRR5353893,0.2947231707380998
GSE96769#SRR5353466,0.39230844611671
GSE96769#SRR5353705,0.5251413546615207
GSE96769#SRR5354804,0.4520486018395162
GSE96769#SRR5354889,0.5932072485817567
GSE96769#SRR5355617,0.9228474693881729
GSE96769#SRR5355593,0.9476589852992798
GSE96769#SRR5354034,0.4436626092466151
GSE96769#SRR5354638,0.5234477187301764
GSE96769#SRR5356043,0.9270192428729754
GSE96769#SRR5354175,0.5366432856865834
GSE96769#SRR5353924,0.2910908508477921
GSE96769#SRR5353843,0.2898508006115744
GSE96769#SRR5355286,0.8942497524744258
GSE96769#SRR5354562,0.5361595663707613
GSE96769#SRR5356050,0.9468993948987627
GSE96769#SRR5354220,0.39059363659479357
GSE96769#SRR5354331,0.7819142686612779
GSE96769#SRR5353668,0.42880766844420426
GSE96769#SRR5354079,0.6203484333177146
GSE96769#SRR5356104,0.5746946839962768
GSE96769#SRR5354863,0.6638852389830745
GSE96769#SRR5354246,0.6693490195083758
GSE96769#SRR5354202,0.5018255826258167
GSE96769#SRR5353984,0.39611716200977637
GSE96769#SRR5353519,0.291109936731882
GSE96769#SRR5354001,0.3339422853456281
GSE96769#SRR5354574,0.4888783471640635
GSE96769#SRR5354334,0.6478546182402115
GSE96769#SRR5354759,0.5277427062622561
GSE96769#SRR5354025,0.4649545914458138
GSE96769#SRR5355818,0.6289096654347113
GSE96769#SRR5353437,0.4408547891688979
GSE96769#SRR5353644,0.3269009978935169
GSE96769#SRR5353382,0.23478338110542654
GSE96769#SRR5353829,0.4076759756063727
GSE96769#SRR5354543,0.4901694734453479
GSE96769#SRR5355605,0.963096512727326
GSE96769#SRR5355792,0.5851798106528199
GSE96769#SRR5353780,0.36414614001916823
GSE96769#SRR5353484,0.24901433994361016
GSE96769#SRR5354221,0.5208580952601504
GSE96769#SRR5353435,0.2716308297058547
GSE96769#SRR5355573,0.749241657075371
GSE96769#SRR5354780,0.520876963221496
GSE96769#SRR5354779,0.49288423894323385
GSE96769#SRR5353499,0.15777342155250196
GSE96769#SRR5353636,0.09572164616846608
GSE96769#SRR5355668,0.9207816995459821
GSE96769#SRR5355521,0.7951592756708546
GSE96769#SRR5355899,0.5420173633958747
GSE96769#SRR5354848,0.5791996957784071
GSE96769#SRR5353667,0.32564033434051226
GSE96769#SRR5354799,0.44580868079359953
GSE96769#SRR5354875,0.5930406191089556
GSE96769#SRR5354269,0.588868029546643
GSE96769#SRR5353622,0.5375092056951141
GSE96769#SRR5353898,0.2135309286448375
GSE96769#SRR5353390,0.3046034631971613
GSE96769#SRR5354021,0.4975338919768806
GSE96769#SRR5354011,0.3931747706377175
GSE96769#SRR5354121,0.6357991463930003
GSE96769#SRR5354222,0.4844442597787215
GSE96769#SRR5353527,0.148607692565733
GSE96769#SRR5353932,0.15861103233567714
GSE96769#SRR5354037,0.42408671983015844
GSE96769#SRR5354227,0.2816811200749942
GSE96769#SRR5354181,0.49517486847437725
GSE96769#SRR5355036,0.6154161866916508
GSE96769#SRR5354825,0.5870797424047086
GSE96769#SRR5355997,0.5803516634616869
GSE96769#SRR5354726,0.38003120683734054
GSE96769#SRR5355808,0.5802055453611646
GSE96769#SRR5354900,0.5846017933638722
GSE96769#SRR5353507,0.184516627483577
GSE96769#SRR5354095,0.6785543404558334
GSE96769#SRR5354158,0.4217627889011226
GSE96769#SRR5354149,0.49806349588669224
GSE96769#SRR5355723,0.9108196307802501
GSE96769#SRR5354281,0.6829167512785759
GSE96769#SRR5354735,0.5411189104969508
GSE96769#SRR5353983,0.3648113694421385
GSE96769#SRR5356083,0.6966731762415327
GSE96769#SRR5353714,0.45297433765773976
GSE96769#SRR5355105,0.861747829719976
GSE96769#SRR5354132,0.3666877206268446
GSE96769#SRR5356070,0.5870733135911589
GSE96769#SRR5353826,0.4751727905320848
GSE96769#SRR5354044,0.4528823649792212
GSE96769#SRR5353807,0.30320436262091266
GSE96769#SRR5354252,0.6942221041743311
GSE96769#SRR5353424,0.44631079021722203
GSE96769#SRR5354595,0.47524718072878197
GSE96769#SRR5354054,0.5407360494160195
GSE96769#SRR5354032,0.42018725977062127
GSE96769#SRR5355951,0.541306561798121
GSE96769#SRR5354097,0.6736093885552118
GSE96769#SRR5353896,0.3204488649755071
GSE96769#SRR5354581,0.476479707424688
GSE96769#SRR5353652,0.18077167986558346
GSE96769#SRR5355024,0.6049160024955367
GSE96769#SRR5354566,0.4018517834446877
GSE96769#SRR5353819,0.4284391144728341
GSE96769#SRR5355060,0.497694856972294
GSE96769#SRR5353678,0.4049714176854305
GSE96769#SRR5355461,0.8021672452504952
GSE96769#SRR5355848,0.598398027872347
GSE96769#SRR5355248,0.8831069631352184
GSE96769#SRR5353729,0.36459444777750266
GSE96769#SRR5354345,0.5401899198566054
GSE96769#SRR5355186,0.8541688961433134
GSE96769#SRR5355546,0.7674903830499397
GSE96769#SRR5354412,0.5106924897803524
GSE96769#SRR5353558,0.32452220905291207
GSE96769#SRR5354469,0.5459799332738109
GSE96769#SRR5355759,0.9012627399618133
GSE96769#SRR5354538,0.5958260736553845
GSE96769#SRR5353869,0.34563197617857877
GSE96769#SRR5354321,0.7082904248788053
GSE96769#SRR5355720,0.9572606258037186
GSE96769#SRR5355503,0.7921442739192377
GSE96769#SRR5354621,0.4406931603710463
GSE96769#SRR5354510,0.5500788043309843
GSE96769#SRR5353825,0.4322032997068336
GSE96769#SRR5353500,0.21234377503254526
GSE96769#SRR5355090,0.5423956454099592
GSE96769#SRR5354760,0.515732197235104
GSE96769#SRR5354785,0.5351062682227716
GSE96769#SRR5353653,0.07335781101993347
GSE96769#SRR5353990,0.3270723960384323
GSE96769#SRR5353907,0.3517300385044176
GSE96769#SRR5354148,0.6649373823758127
GSE96769#SRR5354812,0.5168626009448087
GSE96769#SRR5353969,0.5564640148126233
GSE96769#SRR5353568,0.15974698952573768
GSE96769#SRR5353743,0.3750447893813128
GSE96769#SRR5354765,0.48921960132095643
GSE96769#SRR5354605,0.5398443896305327
GSE96769#SRR5353456,0.14839881082186704
GSE96769#SRR5355884,0.48794565318738436
GSE96769#SRR5356118,0.563477062769345
GSE96769#SRR5355725,0.9354174576093155
GSE96769#SRR5354648,0.44607555282903977
GSE96769#SRR5353685,0.512086240606549
GSE96769#SRR5353510,0.11050685409538596
GSE96769#SRR5354892,0.605473972045443
GSE96769#SRR5354470,0.49169086047421134
GSE96769#SRR5355238,0.939058899623396
GSE96769#SRR5355541,0.8001140365205064
GSE96769#SRR5354009,0.48865592586123924
GSE96769#SRR5355026,0.5208485603287037
GSE96769#SRR5354624,0.7598675529852149
GSE96769#SRR5354821,0.6101418815807892
GSE96769#SRR5354120,0.6598610858437771
GSE96769#SRR5355567,0.7552053157435812
GSE96769#SRR5354289,0.6215477949998222
GSE96769#SRR5353427,0.3188126078488593
GSE96769#SRR5353444,0.10285078423811495
GSE96769#SRR5354905,0.5319129811589757
GSE96769#SRR5354405,0.31560135563756253
GSE96769#SRR5354244,0.6542834277430138
GSE96769#SRR5353910,0.1485520763067092
GSE96769#SRR5353711,0.43831984581743544
GSE96769#SRR5354831,0.5564634470446246
GSE96769#SRR5354110,0.626209950857938
GSE96769#SRR5354673,0.5595272309368083
GSE96769#SRR5354473,0.5587234002611864
GSE96769#SRR5355727,0.9542342331386728
GSE96769#SRR5355466,0.8021433358569091
GSE96769#SRR5354891,0.6361459317560686
GSE96769#SRR5353734,0.35226411886907066
GSE96769#SRR5354297,0.6199822717479567
GSE96769#SRR5356021,0.6687876057942794
GSE96769#SRR5353850,0.2808531801091834
GSE96769#SRR5353412,0.4278466926962499
GSE96769#SRR5355743,0.9498024659969648
GSE96769#SRR5355535,0.8080053974908434
GSE96769#SRR5353920,0.2567052768567997
GSE96769#SRR5354552,0.5367769836715851
GSE96769#SRR5354578,0.523964751340787
GSE96769#SRR5355516,0.800611204212682
GSE96769#SRR5353901,0.4196962116761328
GSE96769#SRR5354874,0.5395994963696625
GSE96769#SRR5355826,0.5388687874208615
GSE96769#SRR5356143,0.5651168149463607
GSE96769#SRR5353928,0.04917923913152588
GSE96769#SRR5355358,0.9202699232170874
GSE96769#SRR5354727,0.5241703760265276
GSE96769#SRR5355006,0.5766685380073143
GSE96769#SRR5353884,0.04462627175188202
GSE96769#SRR5353551,0.07776420518600662
GSE96769#SRR5353391,0.1345756488027747
GSE96769#SRR5353514,0.34792057724941367
GSE96769#SRR5353420,0.1254409795880008
GSE96769#SRR5353958,0.2928910014737164
GSE96769#SRR5353915,0.3595796319102775
GSE96769#SRR5354641,0.46579708972978673
GSE96769#SRR5353445,0.06888374920745292
GSE96769#SRR5354360,0.5310352125220261
GSE96769#SRR5353632,0.1507470305310806
GSE96769#SRR5354540,0.6063222332397691
GSE96769#SRR5353936,0.485051319138319
GSE96769#SRR5353886,0.0911845930704768
GSE96769#SRR5355073,0.5952411350953613
GSE96769#SRR5355788,0.5360291916773801
GSE96769#SRR5353866,0.4286596676945754
GSE96769#SRR5355852,0.6386792074695343
GSE96769#SRR5355483,0.7923730978041
GSE96769#SRR5354589,0.48590727463508965
GSE96769#SRR5354865,0.5548806135491249
GSE96769#SRR5353595,0.24424274035372615
GSE96769#SRR5353641,0.20848798979790398
GSE96769#SRR5354200,0.4386702345709181
GSE96769#SRR5356054,0.9609317388079193
GSE96769#SRR5354627,0.5233475374830573
GSE96769#SRR5354189,0.576315972416115
GSE96769#SRR5353617,0.3967025393502144
GSE96769#SRR5354912,0.5498556011406633
GSE96769#SRR5354867,0.6006555712266782
GSE96769#SRR5354477,0.5338087227697975
GSE96769#SRR5353598,0.08813844221224024
GSE96769#SRR5354482,0.3991944467275996
GSE96769#SRR5355771,0.9650757209186259
GSE96769#SRR5354878,0.5472196727716662
GSE96769#SRR5355269,0.8870107043967002
GSE96769#SRR5354125,0.6445805233458882
GSE96769#SRR5353818,0.4624810552247417
GSE96769#SRR5354897,0.4946658991116065
GSE96769#SRR5354869,0.5380605074080493
GSE96769#SRR5355676,0.9582585499309274
GSE96769#SRR5355918,0.6070512096152415
GSE96769#SRR5354626,0.5435602131534424
GSE96769#SRR5356042,0.9724869816457404
GSE96769#SRR5354914,0.6034084904174113
GSE96769#SRR5353987,0.49380692878864413
GSE96769#SRR5353919,0.1163565252895814
GSE96769#SRR5355515,0.6742048224212361
GSE96769#SRR5353864,0.12253664209957266
GSE96769#SRR5353521,0.2925772583626381
GSE96769#SRR5353925,0.44022888727493126
GSE96769#SRR5353681,0.2902852372508739
GSE96769#SRR5356081,0.6420129082916425
GSE96769#SRR5355094,0.620400445705844
GSE96769#SRR5354156,0.5447473626249225
GSE96769#SRR5354872,0.6454413857401652
GSE96769#SRR5355733,0.9580527780175238
GSE96769#SRR5353474,0.3481732224424347
GSE96769#SRR5353873,0.22852089893325608
GSE96769#SRR5355457,0.8038114241384758
GSE96769#SRR5354901,0.5723755671231521
GSE96769#SRR5354139,0.5839535188161231
GSE96769#SRR5354782,0.7545875257854153
GSE96769#SRR5354286,0.5526968054600263
GSE96769#SRR5354993,0.5196086015170039
GSE96769#SRR5353738,0.3758864108326281
GSE96769#SRR5354166,0.42249899086605347
GSE96769#SRR5354805,0.4261023907654543
GSE96769#SRR5354573,0.47345068016927255
GSE96769#SRR5353996,0.495323166131977
GSE96769#SRR5355045,0.582816999873659
GSE96769#SRR5354787,0.5049449281381436
GSE96769#SRR5354636,0.5230594799065321
GSE96769#SRR5353458,0.1810471276239426
GSE96769#SRR5353966,0.5131170256150739
GSE96769#SRR5353380,0.3528590102622941
GSE96769#SRR5355550,0.7169555425550056
GSE96769#SRR5353471,0.04765878495001497
GSE96769#SRR5353817,0.37780503882984817
GSE96769#SRR5355276,0.9203311411845866
GSE96769#SRR5353753,0.2944568485526114
GSE96769#SRR5353861,0.08039271769425851
GSE96769#SRR5354303,0.6419127795199429
GSE96769#SRR5353954,0.3978082080151244
GSE96769#SRR5353431,0.13026483730789726
GSE96769#SRR5355721,0.9519690261348845
GSE96769#SRR5355272,0.9939595680294656
GSE96769#SRR5353867,0.3354145576568553
GSE96769#SRR5354828,0.5694615022370082
GSE96769#SRR5355684,0.9622364339373151
GSE96769#SRR5354794,0.48224337000248
GSE96769#SRR5355101,0.5727790450369247
GSE96769#SRR5353618,0.40303715664222534
GSE96769#SRR5354592,0.534335060435809
GSE96769#SRR5354255,0.7431360409849372
GSE96769#SRR5353833,0.3663795600181827
GSE96769#SRR5353759,0.30960837424852333
GSE96769#SRR5353888,0.22230015527263772
GSE96769#SRR5353849,0.4251717163541752
GSE96769#SRR5354504,0.46492061308681837
GSE96769#SRR5353976,0.4975862682888061
GSE96769#SRR5355944,0.522395660965166
GSE96769#SRR5353629,0.37052276876177426
GSE96769#SRR5355920,0.5362727192039741
GSE96769#SRR5354096,0.6318203660520251
GSE96769#SRR5353476,0.2964593573918586
GSE96769#SRR5354060,0.5577689342703767
GSE96769#SRR5354362,0.7121251570365622
GSE96769#SRR5355097,0.5725123593042073
GSE96769#SRR5353690,0.397363612939279
GSE96769#SRR5353841,0.2851369252034133
GSE96769#SRR5354817,0.5457634677655662
GSE96769#SRR5353429,0.13952408701936544
GSE96769#SRR5355742,0.9578713897411755
GSE96769#SRR5355463,0.727615456672534
GSE96769#SRR5353654,0.09462410420035433
GSE96769#SRR5354228,0.5032568287834391
GSE96769#SRR5354446,0.4876548793352783
GSE96769#SRR5355737,0.9445168330490658
GSE96769#SRR5354343,0.5298548351928515
GSE96769#SRR5355799,0.5113956663920793
GSE96769#SRR5354521,0.4858068456106919
GSE96769#SRR5353413,0.13464680724540112
GSE96769#SRR5355718,0.9381268047386883
GSE96769#SRR5353881,0.35691514374074634
GSE96769#SRR5353397,0.14498410394737643
GSE96769#SRR5355701,0.9545813557481504
GSE96769#SRR5356084,0.5731586715956516
GSE96769#SRR5354590,0.5458414679012294
GSE96769#SRR5355890,0.5827464911877419
GSE96769#SRR5353657,0.3481686767261637
GSE96769#SRR5353666,0.37220880150714464
GSE96769#SRR5354015,0.527198178235297
GSE96769#SRR5353669,0.32431758850169806
GSE96769#SRR5353721,0.28776755297396234
GSE96769#SRR5353515,0.09903087862152599
GSE96769#SRR5355467,0.7846357299060762
GSE96769#SRR5355659,0.9390157577830813
GSE96769#SRR5354092,0.44444431007593077
GSE96769#SRR5354827,0.5801806884085834
GSE96769#SRR5354147,0.46995010607539744
GSE96769#SRR5353467,0.03963372914264441
GSE96769#SRR5355513,0.7707074206788849
GSE96769#SRR5354773,0.44342841319527143
GSE96769#SRR5354598,0.4155403042662057
GSE96769#SRR5356056,0.9018893704682996
GSE96769#SRR5354007,0.41741597975201095
GSE96769#SRR5353948,0.1713522843958143
GSE96769#SRR5353731,0.44981480314938144
GSE96769#SRR5354557,0.48013244787465054
GSE96769#SRR5355431,0.7513447027274226
GSE96769#SRR5353809,0.42148278693361996
GSE96769#SRR5354069,0.6520083964079134
GSE96769#SRR5355692,0.939687465007334
GSE96769#SRR5354864,0.5955380181293708
GSE96769#SRR5353609,0.41079179589308407
GSE96769#SRR5354188,0.6094065497557325
GSE96769#SRR5355854,0.6363494187547889
GSE96769#SRR5353415,0.1740015818097077
GSE96769#SRR5353686,0.40111816173141235
GSE96769#SRR5354201,0.3681944299352864
GSE96769#SRR5353736,0.47719381128648597
GSE96769#SRR5355363,0.7965004491511549
GSE96769#SRR5355462,0.8085112744974797
GSE96769#SRR5353908,0.30605408279641044
GSE96769#SRR5355993,0.5927560566077584
GSE96769#SRR5353555,0.2643834649897052
GSE96769#SRR5354610,0.4938462767278946
GSE96769#SRR5353402,0.04423684460788725
GSE96769#SRR5354325,0.7385579374652596
GSE96769#SRR5354843,0.5855631169502193
GSE96769#SRR5354862,0.533827925152545
GSE96769#SRR5353571,0.10452657409348277
GSE96769#SRR5355454,0.7865890775483302
GSE96769#SRR5353968,0.5050285932847716
GSE96769#SRR5355709,0.9667360631956633
GSE96769#SRR5353604,0.38841387199927846
GSE96769#SRR5355274,0.8612090424535894
GSE96769#SRR5353611,0.09435202872602808
GSE96769#SRR5354866,0.5970338554167522
GSE96769#SRR5355488,0.7720355720690072
GSE96769#SRR5355629,0.920190526153753
GSE96769#SRR5354407,0.5168586380639166
GSE96769#SRR5354576,0.441084808497163
GSE96769#SRR5353957,0.4676796621897627
GSE96769#SRR5355905,0.5703323328977027
GSE96769#SRR5353960,0.44148996535358165
GSE96769#SRR5355752,0.9546090495893579
GSE96769#SRR5354154,0.4682917871125745
GSE96769#SRR5354067,0.6095673704156008
GSE96769#SRR5353927,0.1739425933224068
GSE96769#SRR5353505,0.2352615124703696
GSE96769#SRR5354535,0.5537348965239558
GSE96769#SRR5354519,0.4747030025545528
GSE96769#SRR5354134,0.43616294564740393
GSE96769#SRR5355458,0.7027973199872329
GSE96769#SRR5354338,0.5499082808723409
GSE96769#SRR5354279,0.625398529127663
GSE96769#SRR5355518,0.7651346913649779
GSE96769#SRR5354319,0.5773128014858593
GSE96769#SRR5353545,0.15055613647688085
GSE96769#SRR5355512,0.7810197789187511
GSE96769#SRR5354314,0.6072737619025076
GSE96769#SRR5355927,0.5415335236075521
GSE96769#SRR5355696,0.9570766365586102
GSE96769#SRR5353994,0.47922660791773647
GSE96769#SRR5353610,0.38443580545229156
GSE96769#SRR5353536,0.4110731544224847
GSE96769#SRR5355125,0.7398054441039293
GSE96769#SRR5353722,0.4563555404057468
GSE96769#SRR5353675,0.45530621580457165
GSE96769#SRR5355556,0.723159408012399
GSE96769#SRR5355016,0.5716709226513996
GSE96769#SRR5353383,0.07305143227638666
GSE96769#SRR5354569,0.41829464899350827
GSE96769#SRR5353401,0.15493070954536284
GSE96769#SRR5353875,0.10058832808583608
GSE96769#SRR5354836,0.5492384307703029
GSE96769#SRR5354802,0.5469739915596675
GSE96769#SRR5353580,0.14600521883736398
GSE96769#SRR5353930,0.05877086963747565
GSE96769#SRR5353872,0.3705742772684627
GSE96769#SRR5354254,0.6975859283595626
GSE96769#SRR5355390,0.7773034955470748
GSE96769#SRR5353594,0.10973737818089765
GSE96769#SRR5353625,0.15269205423167403
GSE96769#SRR5354422,0.5047518366017006
GSE96769#SRR5354042,0.4297244763304301
GSE96769#SRR5355192,0.8637371823049002
GSE96769#SRR5355888,0.5459404932590735
GSE96769#SRR5353944,0.38229212073687885
GSE96769#SRR5353659,0.038545166405016436
GSE96769#SRR5355456,0.7918960352391715
GSE96769#SRR5353455,0.0889809462881312
GSE96769#SRR5354214,0.5021150750876416
GSE96769#SRR5355687,0.9300038429697424
GSE96769#SRR5353663,0.42562736880475976
GSE96769#SRR5354904,0.5267395466470208
GSE96769#SRR5355351,0.8690553430238075
GSE96769#SRR5354585,0.4925141681524264
GSE96769#SRR5355359,0.841989453127761
GSE96769#SRR5353410,0.20045084520984346
GSE96769#SRR5354607,0.49456861776996924
GSE96769#SRR5354043,0.4917279484601015
GSE96769#SRR5354564,0.48951332251838325
GSE96769#SRR5354942,0.5765432267918904
GSE96769#SRR5353805,0.1999029425289367
GSE96769#SRR5353438,0.14761621081795945
GSE96769#SRR5354146,0.5415448885500501
GSE96769#SRR5353699,0.4808273718958064
GSE96769#SRR5356131,0.5899766424933923
GSE96769#SRR5355417,0.8061116656254077
GSE96769#SRR5353929,0.3505529020362629
GSE96769#SRR5353882,0.04559237815982843
GSE96769#SRR5356135,0.5984906570540861
GSE96769#SRR5354180,0.4746255326712604
GSE96769#SRR5353905,0.2427071322715877
GSE96769#SRR5354468,0.5472470147200055
GSE96769#SRR5353913,0.24525180974612937
GSE96769#SRR5353542,0.1977609043868534
GSE96769#SRR5353985,0.5084404443087878
GSE96769#SRR5355716,0.9436455042164759
GSE96769#SRR5353707,0.48870382040097243
GSE96769#SRR5353647,0.5250794911960235
GSE96769#SRR5354734,0.4988833638324893
GSE96769#SRR5353414,0.1019753018404492
GSE96769#SRR5354177,0.2638493265899333
GSE96769#SRR5355724,0.9323674478120662
GSE96769#SRR5353698,0.37484191044747234
GSE96769#SRR5355001,0.5462654052474013
GSE96769#SRR5354210,0.5349316594891023
GSE96769#SRR5355839,0.6102888111089868
GSE96769#SRR5355300,0.8111486970448083
GSE96769#SRR5354743,0.5597329644558104
GSE96769#SRR5353750,0.4682852151288193
GSE96769#SRR5354509,0.5395288824814591
GSE96769#SRR5354455,0.539634894308254
GSE96769#SRR5355758,0.8559036594235971
GSE96769#SRR5353853,0.5095231211359303
GSE96769#SRR5355790,0.5418701107218147
GSE96769#SRR5353643,0.3828567638804906
GSE96769#SRR5353633,0.21458971982337136
GSE96769#SRR5354967,0.5769963934995282
GSE96769#SRR5355805,0.5716593903843153
GSE96769#SRR5354209,0.5283622317565988
GSE96769#SRR5354730,0.5767861364663863
GSE96769#SRR5354911,0.5742883426838359
GSE96769#SRR5353461,0.29553502054230985
GSE96769#SRR5354839,0.6067343160596598
GSE96769#SRR5354231,0.35467723231847514
GSE96769#SRR5353712,0.42568668999685233
GSE96769#SRR5355705,0.9457885542520469
GSE96769#SRR5354832,0.6151924427018045
GSE96769#SRR5355448,0.7686733238716597
GSE96769#SRR5353607,0.3685513869053236
GSE96769#SRR5355967,0.6124186579881544
GSE96769#SRR5353837,0.4024025175312359
GSE96769#SRR5355730,0.9456773280322571
GSE96769#SRR5353724,0.4262368744589708
GSE96769#SRR5354702,0.5128024911263896
GSE96769#SRR5354937,0.5846799152507888
GSE96769#SRR5354394,0.45800938799694163
GSE96769#SRR5353635,0.29299391660346985
GSE96769#SRR5353993,0.5728063124719512
GSE96769#SRR5354144,0.5067724473477697
GSE96769#SRR5355838,0.6250845834796839
GSE96769#SRR5354989,0.6056700113294735
GSE96769#SRR5355823,0.6201368671674763
GSE96769#SRR5353709,0.2503294910658212
GSE96769#SRR5355825,0.5862494877327205
GSE96769#SRR5354260,0.75391044601924
GSE96769#SRR5353637,0.06796345592379197
GSE96769#SRR5353899,0.10451645078926035
GSE96769#SRR5355228,0.9398291155353856
GSE96769#SRR5353935,0.36868309209980005
GSE96769#SRR5355465,0.7447395586554512
GSE96769#SRR5354038,0.2184679666888249
GSE96769#SRR5354283,0.6641236265957535
GSE96769#SRR5354117,0.5501338526581789
GSE96769#SRR5355508,0.8073607562930447
GSE96769#SRR5355470,0.7984099765557419
GSE96769#SRR5354004,0.47121473592169855
GSE96769#SRR5355529,0.6624273650277641
GSE96769#SRR5355793,0.5656397471292429
GSE96769#SRR5353665,0.2137820884362455
GSE96769#SRR5354055,0.5703041644495633
GSE96769#SRR5354961,0.5670217068472991
GSE96769#SRR5353556,0.3005296791186358
GSE96769#SRR5356030,0.8776213772677918
GSE96769#SRR5355490,0.7843111168626934
GSE96769#SRR5354668,0.3542619692090567
GSE96769#SRR5353803,0.4148417946905652
GSE96769#SRR5354232,0.5186858014946798
GSE96769#SRR5354934,0.5398945851727402
GSE96769#SRR5353821,0.3961869836981111
GSE96769#SRR5353725,0.46977089518742604
GSE96769#SRR5353904,0.05961920109861315
GSE96769#SRR5354424,0.44649070332713275
GSE96769#SRR5356146,0.5583131663665675
GSE96769#SRR5354594,0.41185568013561896
GSE96769#SRR5353895,0.508107694747586
GSE96769#SRR5354002,0.38763010451098506
GSE96769#SRR5355817,0.6002137501824585
GSE96769#SRR5354293,0.5309662589704265
GSE96769#SRR5353613,0.05242076970777071
GSE96769#SRR5354742,0.5795413491782754
GSE96769#SRR5353822,0.42229759425534413
GSE96769#SRR5355489,0.7746014645136574
GSE96769#SRR5355685,0.9557600690959354
GSE96769#SRR5353674,0.4024762966172863
GSE96769#SRR5354165,0.5410143951974556
GSE96769#SRR5355325,0.7087307310184766
GSE96769#SRR5354992,0.6281036984867365
GSE96769#SRR5356075,0.6083869871153732
GSE96769#SRR5354542,0.4893398337533458
GSE96769#SRR5353592,0.2381925294047347
GSE96769#SRR5353894,0.1500653663512123
GSE96769#SRR5354086,0.5889240220630327
GSE96769#SRR5354206,0.3313733605254805
GSE96769#SRR5353834,0.46114696813558514
GSE96769#SRR5355004,0.7927811969533649
GSE96769#SRR5353695,0.3839329789564169
GSE96769#SRR5354810,0.8699903530436732
GSE96769#SRR5355683,0.9303189278088175
GSE96769#SRR5354005,0.44565347347562567
GSE96769#SRR5353680,0.19650498492050789
GSE96769#SRR5355114,0.8492560399078899
GSE96769#SRR5353387,0.07475975536133932
GSE96769#SRR5354938,0.5900063119691484
GSE96769#SRR5355453,0.7187905445823619
GSE96769#SRR5353697,0.32280352259284745
GSE96769#SRR5355964,0.5991938746502448
GSE96769#SRR5354493,0.47140917138179017
GSE96769#SRR5353760,0.5035186995891444
GSE96769#SRR5353616,0.2050871664933239
GSE96769#SRR5355538,0.7527197088768319
GSE96769#SRR5355401,0.8086885969015728
GSE96769#SRR5354935,0.49898191994111274
GSE96769#SRR5354444,0.4416664384046148
GSE96769#SRR5353942,0.36757456172632924
GSE96769#SRR5356051,0.793340819680244
GSE96769#SRR5355732,0.95090370955814
GSE96769#SRR5353876,0.3730898506016069
GSE96769#SRR5355773,0.533298993408817
GSE96769#SRR5353870,0.16915344977398286
GSE96769#SRR5353880,0.13304874213611453
GSE96769#SRR5355089,0.5751583618824725
GSE96769#SRR5353578,0.11816570325541603
GSE96769#SRR5355400,0.7958981501177178
GSE96769#SRR5355287,0.9759210421292931
GSE96769#SRR5353670,0.4349295832565492
GSE96769#SRR5353450,0.04306410601639543
GSE96769#SRR5355943,0.5319320056523867
GSE96769#SRR5354163,0.533428412041087
GSE96769#SRR5353591,0.36989207539470353
GSE96769#SRR5354999,0.5428845062262075
GSE96769#SRR5355669,0.9651186820958516
GSE96769#SRR5354115,0.5217503175751935
GSE96769#SRR5354109,0.5994285840068986
GSE96769#SRR5355846,0.6184461300112818
GSE96769#SRR5354879,0.5862238475973015
GSE96769#SRR5355533,0.7819707047149741
GSE96769#SRR5356133,0.7700495047699796
GSE96769#SRR5355802,0.5461678791194935
GSE96769#SRR5354896,0.512319546040072
GSE96769#SRR5354883,0.5847347889882182
GSE96769#SRR5354903,0.5739808400743751
GSE96769#SRR5355544,0.7317967863200553
GSE96769#SRR5355449,0.687695118084105
GSE96769#SRR5354876,0.5751624144284895
GSE96769#SRR5353946,0.054572162898265386
GSE96769#SRR5355411,0.8104533438724594
GSE96769#SRR5355623,0.959559432723127
GSE96769#SRR5353775,0.436927283549635
GSE96769#SRR5353577,0.1781781050221694
GSE96769#SRR5356047,0.8347289232492695
GSE96769#SRR5354390,0.5393285595758789
GSE96769#SRR5355939,0.5784782348508004
GSE96769#SRR5356053,0.8944265117176526
GSE96769#SRR5354145,0.5061734620211628
GSE96769#SRR5354741,0.5474768558061828
GSE96769#SRR5355636,0.9545454658960162
GSE96769#SRR5355408,0.7970424188908244
GSE96769#SRR5355219,1.0
GSE96769#SRR5354048,0.3374414855457933
GSE96769#SRR5353626,0.11309015428482753
GSE96769#SRR5354916,0.6154070916782184
GSE96769#SRR5354924,0.5510021100804093
GSE96769#SRR5354122,0.6480395077950752
GSE96769#SRR5353717,0.42140310053816665
GSE96769#SRR5353813,0.3567384795100133
GSE96769#SRR5354928,0.7088687091822163
GSE96769#SRR5355569,0.6400127450097294
GSE96769#SRR5354968,0.5427364737938081
GSE96769#SRR5353381,0.09859361765760319
GSE96769#SRR5353921,0.34075276008985306
GSE96769#SRR5353999,0.5463530137482837
GSE96769#SRR5354194,0.3825631642029833
GSE96769#SRR5355845,0.6042409442793517
GSE96769#SRR5356031,0.910510388846092
GSE96769#SRR5354732,0.38099416199737246
GSE96769#SRR5353863,0.15493473531615515
GSE96769#SRR5353952,0.031061759763814537
GSE96769#SRR5353621,0.21383525664540992
GSE96769#SRR5353483,0.25931585847909794
GSE96769#SRR5354962,0.5840982812672592
GSE96769#SRR5353624,0.08546649567140717
GSE96769#SRR5355829,0.6202398043780238
GSE96769#SRR5354820,0.5580496628501781
GSE96769#SRR5355507,0.7849232980072947
GSE96769#SRR5355474,0.763514914983474
GSE96769#SRR5355834,0.6082694243341171
GSE96769#SRR5353554,0.04844029718363889
GSE96769#SRR5354168,0.4882334886106305
GSE96769#SRR5355570,0.7878053204285689
GSE96769#SRR5353490,0.18363341541764225
GSE96769#SRR5353494,0.23564708299511095
GSE96769#SRR5355473,0.7128969471370353
GSE96769#SRR5353903,0.24597766748866165
GSE96769#SRR5354985,0.5011761834057491
GSE96769#SRR5353614,0.28888063073825626
GSE96769#SRR5354127,0.5078623920059091
GSE96769#SRR5354976,0.597664812258485
GSE96769#SRR5353688,0.32028391875230106
GSE96769#SRR5355849,0.6043085306280049
GSE96769#SRR5354489,0.47156981709399903
GSE96769#SRR5355907,0.559841053669165
GSE96769#SRR5355242,0.9398661259086285
GSE96769#SRR5356045,0.8491554831633931
GSE96769#SRR5354694,0.5021522213412979
GSE96769#SRR5354352,0.4912081766274518
GSE96769#SRR5353797,0.3645488930155187
GSE96769#SRR5354939,0.6388149509540048
GSE96769#SRR5355184,0.7555970983968692
GSE96769#SRR5355568,0.7570842805575612
GSE96769#SRR5353477,0.34098028066292946
GSE96769#SRR5353645,0.1852396837676107
GSE96769#SRR5353448,0.14788898136396736
GSE96769#SRR5353599,0.22193279069139485
GSE96769#SRR5353824,0.4274346125759267
GSE96769#SRR5355504,0.7256719869487449
GSE96769#SRR5355414,0.6910535284138711
GSE96769#SRR5353546,0.17583819814706148
GSE96769#SRR5354320,0.6681106484569994
GSE96769#SRR5353892,0.18994984810960241
GSE96769#SRR5353938,0.21672255199840504
GSE96769#SRR5354606,0.54888111687005
GSE96769#SRR5353378,0.16414639740980408
GSE96769#SRR5353791,0.3470010364295788
GSE96769#SRR5354859,0.6044827394526374
GSE96769#SRR5354458,0.5519543006439416
GSE96769#SRR5354212,0.47809413899606407
GSE96769#SRR5354744,0.52895905012883
GSE96769#SRR5354978,0.5221410619319286
GSE96769#SRR5353799,0.4662837227249821
GSE96769#SRR5354061,0.5330807646066623
GSE96769#SRR5354952,0.5432613514809308
GSE96769#SRR5353796,0.2267304310222679
GSE96769#SRR5353878,0.18846037847100394
GSE96769#SRR5353532,0.07523496022145315
GSE96769#SRR5354497,0.5248825632191428
GSE96769#SRR5353745,0.307050392056974
GSE96769#SRR5354857,0.6678187014237104
GSE96769#SRR5354499,0.5246830085102802
GSE96769#SRR5355437,0.7407735773310972
GSE96769#SRR5354150,0.3856082824273347
GSE96769#SRR5355682,0.9482167590983325
GSE96769#SRR5354956,0.5807070161851243
GSE96769#SRR5353433,0.08735278591898848
GSE96769#SRR5353762,0.344817725702582
GSE96769#SRR5354997,0.5259091486938421
GSE96769#SRR5355864,0.5892548761213355
GSE96769#SRR5354178,0.4416393256432719
GSE96769#SRR5355440,0.816470161089492
GSE96769#SRR5355459,0.8048512759276939
GSE96769#SRR5354381,0.4725406815741791
GSE96769#SRR5354617,0.49985603579654697
GSE96769#SRR5354505,0.4034936194974375
GSE96769#SRR5355475,0.7427568751834472
GSE96769#SRR5353426,0.015821823457968297
GSE96769#SRR5355576,0.760028772882087
GSE96769#SRR5353585,0.07133245565425334
GSE96769#SRR5354644,0.4503717279664327
GSE96769#SRR5353646,0.16202573817723687
GSE96769#SRR5353547,0.1838789370755359
GSE96769#SRR5353534,0.24222171837965872
GSE96769#SRR5354091,0.464632650523945
GSE96769#SRR5353978,0.42580456494417107
GSE96769#SRR5353671,0.32441374870897777
GSE96769#SRR5354224,0.5092218664043753
GSE96769#SRR5354379,0.5136362793970379
GSE96769#SRR5354029,0.8179064167251483
GSE96769#SRR5354954,0.668864372889745
GSE96769#SRR5353906,0.12821788969555045
GSE96769#SRR5353459,0.06226943884541111
GSE96769#SRR5353897,0.18644034323751252
GSE96769#SRR5355540,0.6976933701799412
GSE96769#SRR5354944,0.58018457645331
GSE96769#SRR5355517,0.7973325525973445
GSE96769#SRR5355528,0.7898346447684607
GSE96769#SRR5356026,0.8995848243022868
GSE96769#SRR5353700,0.4934333934012066
GSE96769#SRR5354233,0.5590303869840804
GSE96769#SRR5354984,0.5717736778854161
GSE96769#SRR5354940,0.7078933838766636
GSE96769#SRR5355664,0.8731674714550776
GSE96769#SRR5353855,0.3534468688946363
GSE96769#SRR5354556,0.546108291144538
GSE96769#SRR5355572,0.7654314364237806
GSE96769#SRR5354988,0.5389747344567402
GSE96769#SRR5354065,0.6556693873569204
GSE96769#SRR5353858,0.19739426216094932
GSE96769#SRR5353810,0.4667306175262901
GSE96769#SRR5354972,0.5635058969376097
GSE96769#SRR5353504,0.09236987452709451
GSE96769#SRR5354964,0.6952056159107272
GSE96769#SRR5354152,0.5230507187448223
GSE96769#SRR5355765,0.9491516205642675
GSE96769#SRR5353586,0.2754156298787769
GSE96769#SRR5355485,0.7825126861507644
GSE96769#SRR5354932,0.6527487533513836
GSE96769#SRR5355543,0.7223094472641246
GSE96769#SRR5353506,0.10886414960657849
GSE96769#SRR5355445,0.43871785471377184
GSE96769#SRR5355916,0.5877127030244742
GSE96769#SRR5355046,0.5411672466437301
GSE96769#SRR5354572,0.4707559953865124
GSE96769#SRR5355965,0.6237902719508173
GSE96769#SRR5355389,0.7871975580447882
GSE96769#SRR5355731,0.952059200901303
GSE96769#SRR5354797,0.47471032848524874
GSE96769#SRR5354383,0.5091860206664458
GSE96769#SRR5354600,0.4880872065185665
GSE96769#SRR5353980,0.49995103376432465
GSE96769#SRR5353518,0.15015141712666674
GSE96769#SRR5354195,0.7562309447158546
GSE96769#SRR5353970,0.28761403838758454
GSE96769#SRR5354063,0.6055037985531059
GSE96769#SRR5354223,0.4565025677841955
GSE96769#SRR5353852,0.16327075963238413
GSE96769#SRR5356102,0.6723786696114937
GSE96769#SRR5355660,0.9183677031797958
GSE96769#SRR5354971,0.66064883477004
GSE96769#SRR5353847,0.38889180237846444
GSE96769#SRR5354515,0.5161868472086157
GSE96769#SRR5353856,0.3204150400299337
GSE96769#SRR5354995,0.5548030512504857
GSE96769#SRR5354549,0.5047658436019815
GSE96769#SRR5354970,0.574688215397534
GSE96769#SRR5355972,0.6775729744674416
GSE96769#SRR5354546,0.48091684670463664
GSE96769#SRR5353676,0.33873585337422596
GSE96769#SRR5354608,0.42730776000181336
GSE96769#SRR5355763,0.9613898602330256
GSE96769#SRR5353820,0.24642750872320165
GSE96769#SRR5356080,0.5778950098580219
GSE96769#SRR5355112,0.7758203041201269
GSE96769#SRR5354776,0.520690558963765
GSE96769#SRR5354049,0.5474845812752115
GSE96769#SRR5353436,0.04952378273329186
GSE96769#SRR5354895,0.4662202391558269
GSE96769#SRR5355429,0.7713439784773172
GSE96769#SRR5354665,0.5239573395255195
GSE96769#SRR5355828,0.595668035746549
GSE96769#SRR5353877,0.36181035130628897
GSE96769#SRR5353939,0.06563061662563333
GSE96769#SRR5354980,0.567592937281406
GSE96769#SRR5354974,0.4551073576918757
GSE96769#SRR5355761,0.957876189751531
GSE96769#SRR5354739,0.5335274387633182
GSE96769#SRR5354936,0.6189191110120533
GSE96769#SRR5355966,0.5700583023306232
GSE96769#SRR5353530,0.21882787219788094
GSE96769#SRR5354234,0.513743403347875
GSE96769#SRR5355648,0.923613628427607
GSE96769#SRR5353710,0.32288631108449944
GSE96769#SRR5354226,0.5432020649773537
GSE96769#SRR5354998,0.48601859083986626
GSE96769#SRR5354915,0.5291539361419223
GSE96769#SRR5354983,0.9076198924375657
GSE96769#SRR5353854,0.42677180902820894
GSE96769#SRR5354296,0.6673335399160656
GSE96769#SRR5353832,0.3174673146091052
GSE96769#SRR5354440,0.5580434868261521
GSE96769#SRR5353997,0.396268107006072
GSE96769#SRR5354927,0.5396913950062602
GSE96769#SRR5353902,0.0772221200436518
GSE96769#SRR5355096,0.5759735058315083
GSE96769#SRR5354930,0.5548566393985365
GSE96769#SRR5353857,0.14159259609648533
GSE96769#SRR5353752,0.3393610926631913
GSE96769#SRR5354193,0.3542586119652559
GSE96769#SRR5355816,0.5917527332456426
GSE96769#SRR5354019,0.35458200278673846
GSE96769#SRR5353548,0.05353610897970423
GSE96769#SRR5354618,0.528018881891658
GSE96769#SRR5355007,0.6198160814429241
GSE96769#SRR5355534,0.6802317903412644
GSE96769#SRR5355206,0.9076906627641431
GSE96769#SRR5354751,0.448566344817341
GSE96769#SRR5354871,0.5843867617039783
GSE96769#SRR5356079,0.6006529774818564
GSE96769#SRR5354476,0.5151509488952266
GSE96769#SRR5353735,0.2078706103249273
GSE96769#SRR5354036,0.5894897994828333
GSE96769#SRR5353890,0.13575532729903944
GSE96769#SRR5354951,0.7256108615417457
GSE96769#SRR5354164,0.4222288159864622
GSE96769#SRR5355151,0.8292057885113763
GSE96769#SRR5355686,0.9271499147528446
GSE96769#SRR5353479,0.056240441241559136
GSE96769#SRR5354768,0.4164414281845677
GSE96769#SRR5354693,0.47494656290835136
GSE96769#SRR5354957,0.6100401043432769
GSE96769#SRR5356110,0.6006282922732864
GSE96769#SRR5355735,0.9533114773512019
GSE96769#SRR5353719,0.24186366283115732
GSE96769#SRR5354301,0.4668088624764272
GSE96769#SRR5353914,0.10304347042145393
GSE96769#SRR5355562,0.7659508263044527
GSE96769#SRR5355423,0.7806972368993842
GSE96769#SRR5354101,0.7219259808100947
GSE96769#SRR5354778,0.42266708391682584
GSE96769#SRR5354801,0.47054238184329983
GSE96769#SRR5354990,0.488084781865066
GSE96769#SRR5355821,0.5780306689676862
GSE96769#SRR5353513,0.04136139449629541
GSE96769#SRR5355319,0.8536873839307817
GSE96769#SRR5353405,0.10694678164032784
GSE96769#SRR5354709,0.5252524803380232
GSE96769#SRR5355361,0.8786579509915149
GSE96769#SRR5354849,0.5554851049677132
GSE96769#SRR5354580,0.5001580420306344
GSE96769#SRR5355555,0.7920369697070228
GSE96769#SRR5354378,0.4899079828714891
GSE96769#SRR5353754,0.18189077107256754
GSE96769#SRR5354975,0.5847478373469002
GSE96769#SRR5353816,0.49057960474330403
GSE96769#SRR5354959,0.5378645821517364
GSE96769#SRR5354511,0.5678426853454462
GSE96769#SRR5353544,0.15062571342529718
GSE96769#SRR5355772,0.6047614958488151
GSE96769#SRR5355008,0.7551467223746455
GSE96769#SRR5355780,0.5390896171800773
GSE96769#SRR5354041,0.14465755947910663
GSE96769#SRR5353940,0.03288582379602108
GSE96769#SRR5354401,0.5327827893611764
GSE96769#SRR5354013,0.5571169891757355
GSE96769#SRR5353798,0.2044067164898772
GSE96769#SRR5353871,0.05706331578917427
GSE96769#SRR5354157,0.36228798423140596
GSE96769#SRR5354012,0.3217432474687818
GSE96769#SRR5354920,0.5863809447359271
GSE96769#SRR5355447,0.7864848480538242
GSE96769#SRR5354437,0.4984283410867296
GSE96769#SRR5356115,0.5694787401898882
GSE96769#SRR5353953,0.4307864967052771
GSE96769#SRR5353844,0.2861954294205698
GSE96769#SRR5354000,0.4080873791405045
GSE96769#SRR5354040,0.3280973254107444
GSE96769#SRR5354963,0.8246950186296252
GSE96769#SRR5356100,0.5967130392744632
GSE96769#SRR5353741,0.4662615824175354
GSE96769#SRR5354811,0.37954634876387394
GSE96769#SRR5355760,0.9564472801687973
GSE96769#SRR5355796,0.5582398259075169
GSE96769#SRR5353404,0.20237593330411266
GSE96769#SRR5354155,0.5948794034961882
GSE96769#SRR5354653,0.4876459127765949
GSE96769#SRR5353830,0.24169178876577208
GSE96769#SRR5353862,0.06426773041202485
GSE96769#SRR5353945,0.039541261548927134
GSE96769#SRR5354185,0.517611018618837
GSE96769#SRR5353399,0.07478862818450754
GSE96769#SRR5354925,0.6014160844915001
GSE96769#SRR5353808,0.29937406497373886
GSE96769#SRR5356024,0.8133328067890581
GSE96769#SRR5353600,0.29589887821947997
GSE96769#SRR5353662,0.2935953212917936
GSE96769#SRR5354441,0.48223595866935987
GSE96769#SRR5355320,0.8891448481699473
GSE96769#SRR5354243,0.7419544321414158
GSE96769#SRR5353682,0.35711637072520525
GSE96769#SRR5356077,0.60392488756658
GSE96769#SRR5353851,0.36256456766504236
GSE96769#SRR5354966,0.5809606392160624
GSE96769#SRR5354349,0.4864353876320415
GSE96769#SRR5354711,0.4704806275434961
GSE96769#SRR5354530,0.512443915593977
GSE96769#SRR5353916,0.17432030304069004
GSE96769#SRR5354929,0.5805229757300695
GSE96769#SRR5354731,0.4532870657871968
GSE96769#SRR5354761,0.5463650852513091
GSE96769#SRR5354979,0.6169429639969899
GSE96769#SRR5356069,0.6012837049532717
GSE96769#SRR5353943,0.008105409456494624
GSE96769#SRR5354418,0.3428089032443661
GSE96769#SRR5353918,0.03748371696004418
GSE96769#SRR5354659,0.5047336282259559
GSE96769#SRR5354298,0.608615633402998
GSE96769#SRR5353421,0.21212105161763536
GSE96769#SRR5354570,0.4805300112021698
GSE96769#SRR5355640,0.9429457775348277
GSE96769#SRR5354917,0.5254055370960533
GSE96769#SRR5354028,0.4590022882522423
GSE96769#SRR5354753,0.5733212737920648
GSE96769#SRR5353742,0.40939972149638915
GSE96769#SRR5354257,0.7272790474761838
GSE96769#SRR5354425,0.29057279242171297
GSE96769#SRR5353683,0.23612955088827445
GSE96769#SRR5354431,0.4500079204434729
GSE96769#SRR5353549,0.056944175425824535
GSE96769#SRR5354317,0.7701546840375758
GSE96769#SRR5354563,0.4579945372724257
GSE96769#SRR5353482,0.0
GSE96769#SRR5353523,0.1141472529442803
