"","UMAP_1","UMAP_2"
"SRR3986024",2.17252220493933,-2.36262934694396
"SRR3986025",3.06344883424422,-1.28575389871704
"SRR3986026",2.33090918046614,-3.37258666048156
"SRR3986027",2.64778761846205,-2.679737978078
"SRR3986029",2.79617397767684,-0.90408652315246
"SRR3986031",3.27369170171401,-1.5748316575061
"SRR3986032",1.99549122435233,-1.09235589990722
"SRR3986034",-1.09782583731035,-1.62632506380187
"SRR3986035",3.1312722442784,-3.57484143266784
"SRR3986036",3.36268918496748,-1.24316566476928
"SRR3986037",3.2142925737538,-1.58914082536804
"SRR3986038",3.46980600339552,-1.34692233095275
"SRR3986039",2.67023639661452,-1.98685710916625
"SRR3986041",3.75027744752547,-1.57291167268859
"SRR3986042",2.71697442514082,-1.54370539674865
"SRR3986043",3.40916542989394,-1.62488930711852
"SRR3986044",3.69212262612959,-1.93828719148742
"SRR3986046",2.40584211331984,-1.32305520067321
"SRR3986047",2.13576780540129,-1.01904409418212
"SRR3986048",2.82056956273695,-1.04469316492187
"SRR3986050",-1.94074661749223,-2.00357716570007
"SRR3986051",2.67953186017653,-1.76737230310546
"SRR3986052",2.91798250657698,-1.3662180233966
"SRR3986053",-2.46713430899004,-2.00222676286804
"SRR3986054",2.16374005657813,-1.5607513714801
"SRR3986056",2.1290265200772,-1.02378933916198
"SRR3986057",3.650152015511,-0.679399662114252
"SRR3986058",-1.51260168569902,-0.507551126576532
"SRR3986059",3.38826947194716,-1.69177454004394
"SRR3986060",2.47086207849165,-0.883245878316034
"SRR3986061",3.68096141797682,-1.56560700426208
"SRR3986062",3.50248508435866,-1.65084641466247
"SRR3986063",3.83533256036421,-1.44311016092407
"SRR3986064",2.38603316527983,-1.00464933405029
"SRR3986065",2.14331062418601,-0.852209978200068
"SRR3986066",3.25084214193007,-1.45053904543029
"SRR3986067",2.2897451995053,-1.01474040041076
"SRR3986068",2.56690328103682,-1.35800879488098
"SRR3986069",3.68919639569899,-1.00479572305786
"SRR3986070",3.37804453355452,0.0774282883633479
"SRR3986071",2.6157783744969,-1.41038172731506
"SRR3986072",3.36590008718153,-1.34474819192993
"SRR3986073",2.72622566205641,-1.05912917146789
"SRR3986074",3.62576429826399,-0.24327748308288
"SRR3986075",3.10566680413863,-0.884092264271845
"SRR3986077",2.480474281136,-1.52403729448425
"SRR3986078",3.3628304479756,-0.863876276112665
"SRR3986079",2.07567416412016,-1.09896891603576
"SRR3986080",5.42096154672286,-1.70967476854431
"SRR3986081",3.54793565255782,-1.10409563074218
"SRR3986082",2.63715510350844,-0.819636755086054
"SRR3986083",2.6781962392964,-1.81932514200317
"SRR3986084",2.8718339679875,-1.46955054292785
"SRR3986085",1.87246802729746,-1.15182941446411
"SRR3986086",2.43279402238509,-0.964648418522944
"SRR3986087",3.21009986383101,-1.13211887369262
"SRR3986088",2.53154842836043,-1.89912765512573
"SRR3986089",3.70944695455214,-3.18060677538024
"SRR3986090",2.47643010598799,-0.788926057911982
"SRR3986091",3.12167696935317,-1.10500758180725
"SRR3986092",2.33138321620604,-0.894574098683466
"SRR3986093",2.47524421197554,-1.53881567010986
"SRR3986094",2.82955389005324,-2.31148427019226
"SRR3986095",2.09445624333998,-0.982882671452631
"SRR3986096",2.52184717637679,-1.07117813119995
"SRR3986097",4.01391546708724,-1.42050879488098
"SRR3986098",3.03197221738478,-1.5351588059436
"SRR3986099",2.01005365234992,-1.18455594072448
"SRR3986100",2.85123710614821,-1.54579465875732
"SRR3986101",3.29876487237593,-1.35930555353271
"SRR3986102",2.69401799422881,-3.11356299409973
"SRR3986103",2.66904251557967,-2.10951178560363
"SRR3986105",1.57410872263094,-1.81965964326965
"SRR3986106",3.07228236180922,-1.83584468851196
"SRR3986107",3.54577271920821,-1.60473387727844
"SRR3986108",1.88665686828276,-1.11437242517578
"SRR3986109",2.15533875209471,-0.867273979283442
"SRR3986110",3.39981346112868,-1.26381628999816
"SRR3986111",1.81667901111027,-1.01818459520446
"SRR3986114",3.47181837541243,-1.43808215150939
"SRR3986115",2.60734693986556,-2.8867167759906
"SRR3986120",2.84760646802565,-2.00433080682861
"SRR3986122",3.04976265412947,-5.349171571828
"SRR3986123",3.08016817552229,-5.35457890520202
"SRR3986125",2.87339763623854,-4.95353262910949
"SRR3986126",2.30135314447066,-5.2573575306903
"SRR3986128",2.28957169038435,-5.1535567570697
"SRR3986130",2.99190943223616,-5.48527663240539
"SRR3986131",2.20267384034773,-5.30477660188781
"SRR3986132",2.2005662499108,-5.57611601839172
"SRR3986133",2.29564570171019,-5.68146031389343
"SRR3986134",2.49908237439772,-5.3752979565631
"SRR3986135",2.51555894595763,-5.79336207399475
"SRR3986137",2.18447895628592,-5.43160479555236
"SRR3986138",2.26720761043211,-5.37234490404235
"SRR3986139",1.98551421147963,-4.32780688295471
"SRR3986140",3.01338891965529,-5.55459349641906
"SRR3986141",2.46808885318419,-5.63647692690002
"SRR3986142",2.34297202808043,-4.97071164140808
"SRR3986143",2.38319163304945,-5.48535197267639
"SRR3986144",2.07205571514746,-4.71174424181091
"SRR3986145",2.63707791549345,-5.66752188692199
"SRR3986148",2.43587820512434,-5.33035414705383
"SRR3986149",2.32746993285796,-5.37501328477966
"SRR3986150",2.20194067341467,-5.12205403337585
"SRR3986152",2.44005190116545,-5.60302060136901
"SRR3986156",2.99795107823988,-5.53985159883605
"SRR3986157",2.38213448506972,-5.56435721407043
"SRR3986158",1.95605024975916,-5.26261370668518
"SRR3986159",3.06889169198653,-5.49056046495544
"SRR3986161",2.56708233338973,-5.27537243852722
"SRR3986163",2.35708283168456,-5.23555653581726
"SRR3986164",2.69193409663817,-5.6167177487384
"SRR3986165",2.10087351781508,-5.43931715974914
"SRR3986166",2.65540574771544,-5.60469811449157
"SRR3986167",2.23407386523863,-4.54489653596984
"SRR3986168",2.38112072927138,-5.39536707887756
"SRR3986169",2.99820713979384,-5.41509240160095
"SRR3986170",2.43516497594496,-5.69572394380676
"SRR3986171",2.93768863660475,-5.53451722154724
"SRR3986172",2.76279644948622,-5.44146388063537
"SRR3986173",2.12025289518019,-5.04338067064392
"SRR3986174",2.5165084479489,-5.68163531313049
"SRR3986175",3.01475708467146,-5.48267786989318
"SRR3986176",2.40093992931029,-5.19326060304748
"SRR3986177",2.17829139811179,-4.93001072893249
"SRR3986178",2.48253058177611,-5.6900877285968
"SRR3986179",2.16121436936041,-5.09555666933166
"SRR3986180",2.47294210178038,-5.5470361042987
"SRR3986181",2.852007317368,-5.57537644395935
"SRR3986182",2.35930340272566,-5.5845960904132
"SRR3986183",2.75253348333022,-5.59132044801818
"SRR3986184",2.3071373580136,-5.5681714344989
"SRR3986186",2.37539135200163,-5.56090682039367
"SRR3986188",2.56752668601653,-5.21758072862731
"SRR3986189",2.04219959956786,-5.38975089082824
"SRR3986190",2.60966025573393,-5.05415575990783
"SRR3986192",2.36331032497069,-5.41922801027404
"SRR3986193",2.97865359765669,-5.44470780382263
"SRR3986194",2.48769216519972,-5.63357108125793
"SRR3986195",2.93550150376936,-5.55499928484069
"SRR3986196",2.40101783258101,-5.29578631410705
"SRR3986198",2.26216958743712,-5.50616114626037
"SRR3986199",2.27150886041304,-5.40341895113098
"SRR3986201",2.39886729699751,-5.18649619112121
"SRR3986202",2.34038178903243,-5.40415423402893
"SRR3986203",2.31404499990126,-5.64583294878112
"SRR3986204",2.78103523236891,-5.53112071046935
"SRR3986205",2.47139255983016,-5.53489344606506
"SRR3986206",1.89225335699698,-5.1934999753009
"SRR3986207",2.43438284379622,-5.54961770067321
"SRR3986208",2.24501823169371,-5.4293135930072
"SRR3986209",2.48803751451155,-5.25520747194396
"SRR3986210",2.33944450599333,-5.64740603456603
"SRR3986211",2.39333902579924,-5.61741965303527
"SRR3986212",-1.35237963217119,2.70286614408387
"SRR3986215",2.06755246502539,-5.38020079622375
"SRR3986216",2.57620953303954,-5.59329693803894
"SRR5353377",-2.4297526599727,-2.03037994394409
"SRR5353378",-4.13067371862749,-0.12632077226745
"SRR5353379",-2.92262823599199,-1.39261644373046
"SRR5353380",-4.54022247808794,0.0415888499249324
"SRR5353381",-2.90092022436479,-2.10347431192504
"SRR5353382",-3.21248514669755,-1.05661314020263
"SRR5353383",-3.57926781195024,-2.01836412439453
"SRR5353384",-2.15133507269243,-1.56791775713073
"SRR5353385",-3.50516493337968,-1.89376895914184
"SRR5353386",-3.88886196630815,-1.65151470193969
"SRR5353387",-3.10960752981523,-1.0532924462329
"SRR5353388",-1.98423798101762,-0.705750398732294
"SRR5353389",-3.34018642919878,0.554248876475225
"SRR5353390",-2.99378902929643,-0.803440504170527
"SRR5353391",-4.69750959890703,-0.113924198247065
"SRR5353392",-2.44863684194902,0.298891968630682
"SRR5353393",-2.11364538687089,-1.50331824312316
"SRR5353395",-2.69997961538652,-0.807168655491938
"SRR5353396",-3.86050302999834,-1.98614900598632
"SRR5353397",-4.06037838476518,-1.69281952867614
"SRR5353398",-1.84388501661638,0.153274245165716
"SRR5353400",-2.58593065756181,0.499675459765325
"SRR5353401",-3.61636335867265,-2.00726335535156
"SRR5353402",-3.65430767553667,-1.47174447069274
"SRR5353403",-4.76684076803545,-0.155604772664179
"SRR5353407",-2.05586726683,-1.6037873555194
"SRR5353408",-3.29052526968339,-0.737650804616083
"SRR5353409",-2.72530729788164,-0.509766273594965
"SRR5353410",-3.07891638296464,-1.11534421930419
"SRR5353412",-1.91708333509782,0.401400990389715
"SRR5353413",-3.46358521002153,-1.21476381311523
"SRR5353414",-2.89701683538774,-1.63561170587646
"SRR5353415",-3.1242368938289,-2.30308526048767
"SRR5353416",-3.32003386038164,-1.69436042795288
"SRR5353417",-2.27496035116533,0.514984793566595
"SRR5353418",-3.21978886144975,0.539005942248236
"SRR5353419",-3.67816240805009,-2.09924881944763
"SRR5353420",-3.6520164729915,-2.10663431177246
"SRR5353422",-2.51334507482866,0.255571789645086
"SRR5353423",-4.12145502584795,-1.86556046495544
"SRR5353424",-2.93139917867998,0.817644185923468
"SRR5353425",-3.26888544576982,-2.02934234628784
"SRR5353426",-4.07433922308305,-1.87981741914855
"SRR5353427",-3.8931840183101,-0.106677942372431
"SRR5353429",-3.77904350775102,-1.68767326364623
"SRR5353430",-3.1091902973018,-1.102749281026
"SRR5353431",-3.23563368337968,-1.72213261613952
"SRR5353432",-2.80651218908647,-1.6607474614154
"SRR5353433",-3.16236097830156,-1.23975699434387
"SRR5353434",-3.72819120901445,-2.15042012224304
"SRR5353435",-2.41264851110795,-1.96264856348144
"SRR5353436",-3.38736565130571,-2.23352854738342
"SRR5353438",-3.49240191000322,-1.9426385689746
"SRR5353439",-3.95682365911821,-1.97074621210205
"SRR5353440",-4.33040268438676,0.502627439402471
"SRR5353441",-3.15971119421342,-0.831452303029169
"SRR5353442",-4.12184984701494,-1.78255336771118
"SRR5353444",-2.61147100942949,-2.06243508348571
"SRR5353445",-3.47795517462114,-1.91170828828918
"SRR5353447",-3.89616615789751,-1.19829624185668
"SRR5353448",-1.26444537657121,-1.68966501245605
"SRR5353449",-4.0098684551082,-1.56127374658691
"SRR5353450",-4.02589256780962,-1.93889396677123
"SRR5353451",-3.02402956503252,0.556258149050604
"SRR5353453",-2.78544695394853,-0.84425347337829
"SRR5353454",-3.49491817968706,-1.22191160211669
"SRR5353455",-3.4114478351436,-2.00264113435852
"SRR5353456",-3.71127922552446,-1.96951239595519
"SRR5353457",-4.22937424200395,-0.609958343602289
"SRR5353458",-3.7188938381038,-2.13612549791442
"SRR5353459",-4.18218166845659,-0.637245111561884
"SRR5353460",-3.13694841879228,-0.994818620778193
"SRR5353461",-1.87423427122453,-0.621305637456049
"SRR5353463",-3.6777904750667,-1.05771105775939
"SRR5353465",-2.35518534201005,0.346438712977301
"SRR5353466",-2.00216300505022,0.857594556712042
"SRR5353467",-3.48532564657548,-2.28862708101379
"SRR5353468",-4.76355965154985,-0.0931706954013005
"SRR5353471",-3.33966810720781,-2.18911021242248
"SRR5353473",-2.16635520475725,0.519105739497076
"SRR5353474",-2.16700298803667,0.554641551875006
"SRR5353475",-3.02875406759599,1.35784704198731
"SRR5353476",-2.23829157369951,0.663741536044012
"SRR5353477",-1.67762262838701,0.883721239470373
"SRR5353478",-2.43696959036211,-0.653910093403925
"SRR5353480",-1.93055589216569,0.167567081354986
"SRR5353481",-3.71308023947099,-1.16342823991882
"SRR5353483",-3.39712317007402,-1.27376835832702
"SRR5353484",-3.32619078176836,-1.41639655122863
"SRR5353490",-3.91345722692827,-1.60933368692504
"SRR5353494",-2.4879334689937,-0.102540187932123
"SRR5353497",-4.15173227804521,-1.90341537485229
"SRR5353498",-2.57135517614702,0.219380445383917
"SRR5353499",-3.31000788229326,-2.10488384256469
"SRR5353500",-3.82286293524126,-1.70839159975158
"SRR5353502",-3.42325813787797,-2.24344962129699
"SRR5353503",-2.39224035757402,-0.185350113011469
"SRR5353504",-3.5406392337642,-0.811038427449335
"SRR5353505",-3.85668928640703,-0.425607137776484
"SRR5353506",-2.75734884756425,-0.11698513517486
"SRR5353507",-3.92967827337602,-2.13452332506286
"SRR5353509",-3.06950981634477,-0.950393133259882
"SRR5353510",-3.54157097357133,-1.58997695932495
"SRR5353511",-2.84308989065507,0.0894720028866633
"SRR5353512",-3.87174112814287,-1.57299869546997
"SRR5353514",-2.75943214910844,0.683817691706549
"SRR5353515",-3.79967672842363,-1.59034197816955
"SRR5353516",-2.43173391836504,-0.329455785847773
"SRR5353517",-2.33666832464555,1.32021904697312
"SRR5353518",-3.11056263464311,-0.44291561136352
"SRR5353519",-4.17079336660722,0.176669306658636
"SRR5353521",-2.59548409002641,-0.0280879069338933
"SRR5353524",-3.04228241461137,-0.556616478062739
"SRR5353525",-2.18665106314043,0.290526456736456
"SRR5353526",-3.22952921408037,-1.16817753801452
"SRR5353527",-3.16591055410722,-1.09294646272766
"SRR5353528",-2.1440237285457,-1.51730173120605
"SRR5353529",-2.39629538076738,0.519413061045538
"SRR5353530",-3.70401699560503,-1.62074726114379
"SRR5353531",-3.78348667639116,-0.833238296605219
"SRR5353532",-3.65599710958818,-2.22443764696227
"SRR5353534",-3.6738236667476,-1.05301087389099
"SRR5353535",-3.50239355581621,-1.93610423097717
"SRR5353536",-3.42873795050004,-0.0886928368579045
"SRR5353538",-3.78164322393754,-2.01476710329162
"SRR5353539",-2.66610367315629,-0.359213047124018
"SRR5353540",-2.81382782476762,0.484268374346624
"SRR5353541",-3.10316498297075,0.31968695630921
"SRR5353542",-2.12706120031694,-0.422743969060053
"SRR5353543",-3.73929960745195,-1.09991662988769
"SRR5353545",-3.44205029028276,-1.36288803110229
"SRR5353546",-3.8837230922542,-2.03275983820068
"SRR5353547",-2.97898895758012,-1.66327517519103
"SRR5353548",-3.54942591207841,-1.20564549455749
"SRR5353550",-2.11219055670122,-1.4215637970935
"SRR5353551",-3.5582025768123,-1.81256382951843
"SRR5353553",-2.47686226385454,-0.508519106007685
"SRR5353554",-3.27166922109941,-1.53599374780761
"SRR5353555",-4.01992304342607,-1.96488659868347
"SRR5353556",-3.53134043234209,-0.522532873250116
"SRR5353557",-3.8107922794185,-2.19005959520446
"SRR5353558",-3.83974249380449,-0.918860845662226
"SRR5353559",-3.97689039724687,-1.93273418436157
"SRR5353560",-3.88853104132036,-0.70728796014892
"SRR5353562",-3.11062557714799,-1.41256587991821
"SRR5353563",-3.18030388372758,-1.08902233133422
"SRR5353564",-2.5891388179622,-1.96373956689941
"SRR5353566",-2.69629461782793,-0.040836625195612
"SRR5353568",-3.26440126913408,-2.26394265184509
"SRR5353570",-2.70963032263139,0.635233707331549
"SRR5353571",-3.62945635336259,-2.06431715974914
"SRR5353572",-2.17033607977251,0.143971629046331
"SRR5353574",-1.94284636991838,0.272617525957952
"SRR5353577",-3.78365070837358,-1.81761091241943
"SRR5353578",-3.43334705847124,-1.34198349008666
"SRR5353579",-3.3770387889705,-1.11493771562683
"SRR5353580",-3.64354403036455,-1.69447010049926
"SRR5353585",-3.22370035665849,-0.724914960957636
"SRR5353586",-3.84140236395219,-0.796280794240107
"SRR5353591",-2.14559228437761,0.458202428721319
"SRR5353592",-2.81118853109697,0.517455406092535
"SRR5353593",-2.04223473089555,-1.49693911562072
"SRR5353594",-3.11601288336137,-1.26717656145202
"SRR5353595",-3.75039894598344,-1.03770821580993
"SRR5353596",-2.13524897116045,-1.4965137768756
"SRR5353597",-2.40819723623613,-0.52748649606811
"SRR5353598",-3.37685711401323,-2.25179856309997
"SRR5353599",-3.39666636007646,-0.415696077443232
"SRR5353601",-1.93714864271501,0.925144619845282
"SRR5353602",-2.15449388044694,0.414726323984991
"SRR5353603",-2.54348356741289,0.0933595370282039
"SRR5353604",-3.90639765280107,-0.438657455540766
"SRR5353605",-4.17215759771684,0.0702710818280086
"SRR5353607",-2.30245001333574,1.5641008686055
"SRR5353608",-3.01422007101396,-0.596388988591303
"SRR5353609",-2.30044205206254,0.690935082339178
"SRR5353610",-4.29859764593462,0.0153529118527278
"SRR5353611",-3.64877350347856,-2.02951996812927
"SRR5353613",-3.78441317098955,-1.85081332216369
"SRR5353614",-3.09506971853593,-0.124056272603144
"SRR5353615",-3.13966925161699,0.256564922236334
"SRR5353616",-3.77870638388017,-1.19422476778137
"SRR5353617",-3.91607649343828,-0.519311122990717
"SRR5353618",-3.56035215872148,-0.661379270650019
"SRR5353619",-3.48519260900835,-1.97058623323547
"SRR5353620",-2.38497669714311,0.418963260554205
"SRR5353621",-3.69927580374101,-0.964792423344721
"SRR5353622",-1.19794471281389,3.13888198842896
"SRR5353623",-3.30621368902544,-2.20522492418395
"SRR5353624",-3.26226027029375,-1.56531708726989
"SRR5353625",-3.75380117910722,-1.27128117570983
"SRR5353626",-3.20959837454179,-0.621274166203608
"SRR5353628",-2.2033065082393,0.243421978854071
"SRR5353629",-3.52402431982378,-0.776130132771601
"SRR5353630",-3.01642019766191,0.388613409899603
"SRR5353631",-3.55217821615556,-2.04226439485656
"SRR5353632",-4.03839666860918,-1.64459698686706
"SRR5353633",-3.79834206121782,-1.56813400278198
"SRR5353634",-2.09801847952226,-1.60210626611816
"SRR5353635",-3.10700876730302,-1.61452262888061
"SRR5353636",-3.10135967748979,-2.24876540193664
"SRR5353637",-3.65764219778398,-2.24939291963684
"SRR5353638",-3.4484990360103,-0.871304683781733
"SRR5353639",-3.31762630956987,-1.75682299623596
"SRR5353640",-2.44939596670488,-0.364607029057612
"SRR5353641",-2.53520948904375,0.195052451990972
"SRR5353642",-2.35533936041215,0.286758012675177
"SRR5353643",-2.92971403616289,0.264737672709356
"SRR5353644",-2.52995712774614,0.052751488589178
"SRR5353645",-3.95826895254472,-0.219504051304926
"SRR5353646",-4.12567503469804,-0.37860315332519
"SRR5353647",-2.01783473509172,0.548608965777288
"SRR5353652",-3.19009001272539,-2.27674286851989
"SRR5353653",-3.98818810003618,-2.04787080774414
"SRR5353654",-3.72696621435503,-1.73624938020812
"SRR5353655",-3.18913395422319,-2.11325281152831
"SRR5353656",-4.08701355474809,-1.9104451466571
"SRR5353657",-3.43217117803911,0.0951094101895198
"SRR5353658",-2.13522226827959,-1.4222220707904
"SRR5353659",-3.92312605398515,-1.83913367281066
"SRR5353660",-3.36654980200151,-1.03467433939086
"SRR5353663",-4.31908590811113,0.306927747630011
"SRR5353665",-4.17049963491777,0.452954001330267
"SRR5353666",-3.16123945730546,0.891920514010321
"SRR5353667",-4.50610573309282,-0.268911295033564
"SRR5353668",-4.57750494497636,0.609947390459906
"SRR5353669",-4.5148266078792,0.486078448199163
"SRR5353670",-3.7707966090999,1.01455128898514
"SRR5353671",-4.03914959448198,-0.6197158623706
"SRR5353674",-4.15189106481889,0.0515385340679988
"SRR5353675",-2.00417025106767,1.42779169192208
"SRR5353676",-4.23901445883134,-0.468764000035395
"SRR5353677",-4.79401857870439,0.490798778437506
"SRR5353679",-4.74548323171953,-0.0249372054110661
"SRR5353680",-3.93352444189409,-0.247797899342646
"SRR5353681",-4.35251457708696,0.323564715289007
"SRR5353684",-4.80889971273759,-0.20617073068725
"SRR5353685",-2.11501271742204,1.85182995123459
"SRR5353686",-4.15101845281938,0.490857071780096
"SRR5353687",-4.63298780935625,0.668740696810614
"SRR5353688",-3.7376459361873,0.459593243502508
"SRR5353689",-4.69860107916215,0.0126127671231135
"SRR5353690",-3.24410183447221,0.697790331744085
"SRR5353692",-2.94991333502153,0.353741712473761
"SRR5353694",-3.78764898794511,1.06492436637772
"SRR5353695",-3.66333801763872,0.575263209246527
"SRR5353696",-2.89377481954912,-0.0416992236148015
"SRR5353697",-4.57035334127763,0.475163407229315
"SRR5353698",-3.83684856909135,0.891110308073889
"SRR5353699",-3.47613556402544,1.10505808105363
"SRR5353700",-2.32736523168901,-0.273291998005976
"SRR5353701",-4.79484589117387,-0.0623266030322209
"SRR5353702",-4.08569033163408,-0.300310545064081
"SRR5353703",-4.82277090566972,0.0983452271450862
"SRR5353704",-4.56456120031694,0.790044135950933
"SRR5353705",-1.94715888517717,1.72756170441998
"SRR5353706",-4.80650789755205,-1.42384539738583e-05
"SRR5353707",-2.18644936102251,1.684784404539
"SRR5353708",-4.76556618231157,-0.129300050831904
"SRR5353709",-4.43888933676103,-0.377985649205317
"SRR5353710",-4.3321808101497,0.258116907976995
"SRR5353711",-3.85041363256792,0.910477645300756
"SRR5353712",-2.82927877920488,1.13199300279511
"SRR5353713",-4.70794565695146,0.0250501107205257
"SRR5353714",-2.11850292700151,1.60165611615075
"SRR5353715",-4.63404543417314,0.544745154284368
"SRR5353716",-4.75323135870317,-0.10130184183227
"SRR5353717",-3.81970961111406,1.15119475831879
"SRR5353720",-3.11772568243364,1.34223843326462
"SRR5353721",-4.14617998617509,0.0820923518170222
"SRR5353722",-3.908073258575,0.944985277556311
"SRR5353723",-4.61228497045854,0.686937518023382
"SRR5353724",-3.43684704321245,0.968060142897497
"SRR5353725",-3.50480921285966,0.918379671477209
"SRR5353727",-2.58397228735307,0.926093108557592
"SRR5353728",-2.30057365911821,-1.25405877122985
"SRR5353729",-4.26154739874223,0.276566452883612
"SRR5353730",-4.28978092687944,0.90147394647492
"SRR5353731",-3.26251156347612,1.05753583421601
"SRR5353732",-4.6922243358455,0.281952924631964
"SRR5353734",-4.30346710699419,0.123762078188787
"SRR5353736",-2.21607072370866,1.55909082999123
"SRR5353737",-4.69729359167436,0.474275059603582
"SRR5353738",-4.5092695476375,0.275092310809027
"SRR5353740",3.34983949643752,-0.0680087138186589
"SRR5353743",-3.44076187628129,0.637585706614386
"SRR5353744",-2.82970840948442,0.088981695078741
"SRR5353745",-4.52069647329668,0.373327321909796
"SRR5353746",-4.70903141516069,0.462264485262762
"SRR5353747",-4.36415131109575,1.0129163931836
"SRR5353749",-4.66600019949296,0.605861015223394
"SRR5353750",-3.30702002065996,1.24446315278901
"SRR5353751",-4.54998953359941,0.700902051829229
"SRR5353752",-4.14405376928667,0.14682728757752
"SRR5353753",-4.0467599155269,-0.120704107380976
"SRR5353756",-4.76298553961137,0.398375577830206
"SRR5353757",-2.80609114187578,-0.0852292109500066
"SRR5353758",-3.32129890936235,3.40056914796723
"SRR5353759",-4.24954302328447,-0.42326229105102
"SRR5353760",-1.71067197340349,3.92624599447144
"SRR5353762",-4.79714901464799,-0.256916933156122
"SRR5353775",-3.45553524511674,0.496031589411627
"SRR5353780",-4.24376375692705,0.463022656344305
"SRR5353791",-3.92041666525224,-0.608149700261225
"SRR5353796",-4.1120208026729,-0.40946834573852
"SRR5353797",-3.05874760168413,0.545676655672918
"SRR5353799",-2.14631922262529,1.67412268330945
"SRR5353803",-3.72550232427934,0.151770896815191
"SRR5353804",-4.75969345587114,0.395963497065435
"SRR5353805",-4.19810278433183,0.124229020975958
"SRR5353807",-4.05578119772295,0.252996868990789
"SRR5353809",-3.52402956503252,0.571395702265631
"SRR5353810",-2.92505247610429,0.975021548174749
"SRR5353811",-2.14982564466814,-1.40529697427856
"SRR5353812",-4.80160696524004,0.090305633448492
"SRR5353813",-3.85856850164751,0.155735440157782
"SRR5353814",-4.52173645513872,0.632737107180487
"SRR5353817",-4.4171794177852,-0.104025416470636
"SRR5353818",-3.68515617864946,0.924636013411413
"SRR5353819",-4.49234135168413,0.634871787928472
"SRR5353820",-4.23440630453447,0.407737560175787
"SRR5353821",-3.31185991781572,0.814537591837774
"SRR5353822",-2.50946600454668,1.52919555416001
"SRR5353824",-3.19392330664018,1.30057699193848
"SRR5353825",-2.66056330221513,0.867500967883001
"SRR5353826",-2.9309643031917,1.01002115716828
"SRR5353827",-1.91296608465532,0.922760195635687
"SRR5353829",-2.47598345297197,0.86524576654328
"SRR5353831",-4.73089678305009,0.259521074198614
"SRR5353832",-3.52121336477617,-1.72479455957519
"SRR5353833",-4.50757248419145,0.972805149458776
"SRR5353834",-2.02685077207902,1.18769855012787
"SRR5353835",-3.74480898397783,0.376468725108038
"SRR5353836",-3.68317492025712,0.996551580332647
"SRR5353837",-3.67135221975664,0.922391421698461
"SRR5353841",-3.84677202719072,0.462031073473822
"SRR5353842",-4.80275089758256,-0.0818757344256535
"SRR5353843",-4.78279097097734,-0.0954876471530095
"SRR5353845",-3.93810398596147,0.969821579359899
"SRR5353847",-4.5093105556331,0.365613527201544
"SRR5353849",-3.91267616766313,0.0792165469158992
"SRR5353850",-4.29366619604448,-0.17337363252746
"SRR5353852",-3.35927326696733,-1.15735714922058
"SRR5353853",-4.0351632358394,0.992602891825567
"SRR5353854",-3.75464661138872,-0.522479467488398
"SRR5353855",-4.28952343481401,0.0783277224530086
"SRR5353856",-4.70136291998247,-0.14059250841247
"SRR5353857",-3.58886368292192,-1.944146804906
"SRR5353858",-3.87797338980058,-1.91560523996459
"SRR5353861",-3.81876785772661,-1.92852275858032
"SRR5353863",-3.19294435995439,-1.0587114621173
"SRR5353864",-3.02533895986894,-1.94463198671447
"SRR5353865",-2.55206663626054,0.293126411341558
"SRR5353866",0.966597902599778,-2.40486376772033
"SRR5353867",-4.35276300924638,4.53035575857056
"SRR5353869",-4.21339972036699,0.0501955222119197
"SRR5353870",-3.8865192653499,-1.72331755647766
"SRR5353872",-3.48535234945634,1.04289317836655
"SRR5353873",-2.75635702627519,-1.70059459695922
"SRR5353874",-3.27146418112138,-1.02561538705932
"SRR5353875",-3.88633091467241,-1.88333051691162
"SRR5353876",-4.2412064792476,0.385603017710577
"SRR5353877",-3.83766634481767,-0.72207706461059
"SRR5353878",-4.01537687795976,-0.574366502858271
"SRR5353880",-3.55225927847246,-1.22576706895934
"SRR5353881",-2.56016857641557,-0.195678405858149
"SRR5353882",-3.76048166769365,-1.71404593477355
"SRR5353883",-3.68011124151567,-0.495584421254267
"SRR5353884",-3.97147305029253,-2.0369853306781
"SRR5353886",-3.95532972830156,-2.05273168573486
"SRR5353887",-2.14670045393327,-1.4709235955249
"SRR5353888",-4.08689529913286,-0.733411960698237
"SRR5353891",-3.475784611877,-2.03908436784851
"SRR5353892",-4.11948521154741,-0.0480381775866643
"SRR5353893",-3.06351645010332,-2.05765693674194
"SRR5353894",-2.8165524722896,-1.64894788751708
"SRR5353895",-2.56578142660478,2.04916370620621
"SRR5353896",-2.99778063314775,-1.65434473047363
"SRR5353897",-2.34169991033891,-1.99649041185485
"SRR5353898",-4.06746561544755,-0.0727346468936101
"SRR5353899",-3.64174492376665,-1.60064619073974
"SRR5353901",3.30808489305159,-2.74548953065978
"SRR5353902",-3.80287725942949,-2.07423012743102
"SRR5353903",-4.16243536489824,0.544242448710333
"SRR5353904",-3.82280905264238,-1.70481198320495
"SRR5353905",-3.45665771978715,-1.09088390359985
"SRR5353906",-3.81057961004594,-0.971571617222895
"SRR5353907",-4.17586166876176,-1.83587449083434
"SRR5353908",-4.90958626287797,0.675014443301092
"SRR5353910",-3.33940155523637,-1.69959681520568
"SRR5353911",-3.02555210607866,-0.644189052678217
"SRR5353912",-4.19730265158037,-0.0233934451113835
"SRR5353913",-3.08412439840654,-1.0002524186145
"SRR5353915",-3.32864983099321,3.23920816888703
"SRR5353917",-4.14219124334672,0.541640705965887
"SRR5353919",-3.9998963596187,-1.98892920503723
"SRR5353920",-3.43844683187822,-2.11831753740417
"SRR5353921",-4.02699835317949,-1.52471035013305
"SRR5353922",-3.3958810092769,0.497217721842657
"SRR5353923",-3.37200148123125,0.216928071879278
"SRR5353924",-4.09513790624956,-1.83912151346313
"SRR5353925",-2.34327013510087,3.31334609498871
"SRR5353926",-3.29787666815141,-1.28981988916503
"SRR5353927",-4.78246529119829,0.384379811190496
"SRR5353928",-3.00691111105302,-2.18338530550109
"SRR5353929",2.50778012258193,-1.36874096880065
"SRR5353930",-3.13398010748247,-1.85320513734924
"SRR5353932",-3.05914337652544,-1.54437034616577
"SRR5353934",-4.41467077749589,-0.618315868474115
"SRR5353935",-3.98484499472002,-0.662073545552363
"SRR5353936",-4.27068789022783,4.44509179105652
"SRR5353937",-3.29022247808794,-0.908789329625239
"SRR5353938",-4.02968246954301,-1.5488192368518
"SRR5353939",-2.9557445766292,-1.015346937276
"SRR5353941",-3.76626904028276,-1.141243629552
"SRR5353942",-4.19970304983476,4.92264658918274
"SRR5353944",-3.55528194921831,-0.576223783589472
"SRR5353946",-4.04734308737138,-2.01030581483947
"SRR5353947",-4.19635946768144,4.42447692861451
"SRR5353948",-2.99128611105302,-1.47851150522338
"SRR5353949",-2.12601311224321,-1.52061241159545
"SRR5353951",-2.90030939596513,0.535479731463324
"SRR5353952",-3.63293440359453,-2.02439253816711
"SRR5353954",-4.42653591650346,0.971526808642279
"SRR5353955",-3.92370779531816,1.0897396277417
"SRR5353956",-4.80775959509233,0.360432691477667
"SRR5353957",-2.46040327566484,0.617810554407965
"SRR5353958",-4.35756857412675,0.242003269099127
"SRR5353959",3.65369706136366,-1.96656387338745
"SRR5353960",-4.00946886556962,1.12927932252778
"SRR5353961",-2.1810429813228,1.75639226248158
"SRR5353962",-2.36275131719926,2.00383741369141
"SRR5353963",3.72984235269209,-2.97594588289367
"SRR5353964",-0.968834471877609,4.94634921064271
"SRR5353965",-4.5627978565059,0.94327653159989
"SRR5353966",-2.07071526068071,5.12937337865723
"SRR5353968",-4.17217571752885,1.05730456819428
"SRR5353969",-2.00448925512651,1.76632347663535
"SRR5353970",-4.55564529913286,0.296879715823065
"SRR5353971",-2.94053728597978,1.400545276307
"SRR5353972",-0.936210227187667,4.55100018491639
"SRR5353974",-1.38756473081926,3.69490761270417
"SRR5353975",-2.85049278753618,1.57005260100258
"SRR5353976",-2.16921455877641,1.67678066303624
"SRR5353977",-3.35736782568315,5.80003554334534
"SRR5353978",-3.23764259832719,-0.405689172841181
"SRR5353979",-4.57193119543413,0.807549900912176
"SRR5353980",-3.78907330053667,0.254958338641058
"SRR5353981",-2.82363398092607,2.28967154731644
"SRR5353982",-2.35352690237382,1.70186033060444
"SRR5353983",-4.21183807867387,0.308100528620611
"SRR5353984",-4.84936172979692,0.474953479670416
"SRR5353985",-3.00145418661455,3.03872615804566
"SRR5353986",-3.00677139776567,4.37667614927186
"SRR5353987",-1.41455967443803,3.75191337575806
"SRR5353988",-0.942356181319747,4.86163146009339
"SRR5353989",-3.88985903280595,0.986003346346746
"SRR5353990",-4.23990376013139,0.000750846766363056
"SRR5353991",-1.07296545523027,4.10715801229371
"SRR5353992",-4.3398884059749,0.991528696917425
"SRR5353993",-1.28058607595781,3.36664754857911
"SRR5353994",-3.89537270086626,1.17401105871094
"SRR5353995",-1.25513346212724,3.87582296838654
"SRR5353996",4.29983298761031,-1.51411645898925
"SRR5353997",-2.87809498327592,0.644422478579412
"SRR5353998",-2.33032495992998,1.4677569042672
"SRR5353999",-1.49544436949113,5.060332126521
"SRR5354001",-4.64944298284868,-0.218286447621454
"SRR5354002",-3.83178169744829,-0.442847185231318
"SRR5354003",-2.4977343799434,1.51378596534623
"SRR5354004",-2.27984888571123,1.59798920860184
"SRR5354005",-4.61157400625566,0.572440929316412
"SRR5354006",-3.54909594076494,5.3419266413678
"SRR5354007",-4.15702564733842,1.07662463893784
"SRR5354008",-0.917773080047164,4.61020500173462
"SRR5354009",-2.28957207220415,1.4972759555806
"SRR5354010",-4.47571785467485,0.950518555544744
"SRR5354011",-4.47954876440385,0.346735663317572
"SRR5354015",-4.5465911151729,-0.159036808110346
"SRR5354016",-1.70582349317888,2.30775538792504
"SRR5354017",-3.88570721166948,1.05095756759537
"SRR5354018",-2.97277624624589,1.12182546367539
"SRR5354019",-3.9755028011165,0.110379166506658
"SRR5354020",-1.52891690748552,3.63604778756989
"SRR5354021",-2.24259526747087,0.732519216441046
"SRR5354022",-2.21027524488786,1.46572343220605
"SRR5354023",-2.02542479055742,-1.30408113489257
"SRR5354025",-3.85065395849565,1.0382111739148
"SRR5354027",-4.49097473638872,0.84754020681275
"SRR5354029",-1.39242751615861,2.6319925855626
"SRR5354030",-0.948238444503341,4.74725753774537
"SRR5354031",-3.95555384176591,1.06785989513291
"SRR5354032",-4.28891785162309,0.437348432444464
"SRR5354033",-4.40109760778764,1.15317899694337
"SRR5354034",-4.45703012960771,1.00039941778077
"SRR5354035",-3.82405645864824,5.43246776571168
"SRR5354037",-4.40794403570512,1.01697523107422
"SRR5354038",-4.84615070837358,0.483110613726507
"SRR5354039",-1.80434258001665,5.49292451848877
"SRR5354042",-2.60742027777055,0.932964987658392
"SRR5354043",-3.06294996755937,0.467374153040777
"SRR5354044",-3.32627995031694,4.37837011327637
"SRR5354045",-4.17836744802812,0.910274631880651
"SRR5354048",-4.37693626898149,-0.488887243367304
"SRR5354049",3.65968530160567,-0.56513708124267
"SRR5354050",2.22787319404265,-1.66937582979309
"SRR5354051",4.12525074464461,-2.50063412675964
"SRR5354052",1.48308661860606,-1.68281500825988
"SRR5354053",4.41292207223555,-1.53265541086303
"SRR5354054",2.90800456983229,-2.58395569810974
"SRR5354055",2.88346283418318,-1.04310553560363
"SRR5354057",2.12701784354826,-3.62778466234313
"SRR5354058",4.35381405336043,-1.67871587762939
"SRR5354059",3.99003880006453,-2.67451661119567
"SRR5354060",2.38124846202513,-3.2859424878131
"SRR5354061",2.18986101729056,-2.72854798326599
"SRR5354062",1.65029147547862,-2.59394734392272
"SRR5354063",3.46762244683882,-0.220441274739374
"SRR5354064",3.13805096131941,-0.383295707799067
"SRR5354065",3.20695095044753,-0.428917579747309
"SRR5354067",3.59227173310896,-0.66219108591186
"SRR5354069",3.71431629640242,-0.274331979848017
"SRR5354070",2.94682137948653,-0.571992092228998
"SRR5354071",3.53232722264906,-1.13610713968383
"SRR5354072",4.91471569520613,-1.27859824190246
"SRR5354073",3.86787812692305,-0.146293811894526
"SRR5354074",2.94004337770125,-0.974755935765375
"SRR5354075",3.37261800748488,-0.886429720021357
"SRR5354076",3.26367120725295,-0.31200306902038
"SRR5354077",3.62523918134352,-0.659248285390009
"SRR5354078",1.82717997861287,-2.30601065645324
"SRR5354079",2.41266690475127,-3.31968157777893
"SRR5354080",4.33216540795943,-1.62410967836486
"SRR5354081",4.32787196618697,-1.2903644371997
"SRR5354082",3.49259560090682,-0.113706760502924
"SRR5354083",3.4516189573445,-0.709429912663569
"SRR5354084",2.00037367922446,-1.23160570154296
"SRR5354085",5.67215912324568,-0.492605142689814
"SRR5354086",2.95300929528853,-0.517853908635248
"SRR5354087",3.7864076374211,-0.425414018727411
"SRR5354089",3.49732522946974,-1.25346296320068
"SRR5354090",3.3173655746617,-0.213628702260126
"SRR5354091",2.56511234027525,-3.00842278490173
"SRR5354092",2.1079648016133,-1.37058990488159
"SRR5354093",3.43089287263533,-1.29876487741577
"SRR5354094",3.60990052205702,-0.881363325215448
"SRR5354095",4.45322196466109,0.467322177790533
"SRR5354096",3.17127208692214,-0.512395553685297
"SRR5354097",3.3457760093846,-0.354079179860224
"SRR5354098",3.38964741212508,-1.25014703760253
"SRR5354099",1.40439819080016,-3.82805626878845
"SRR5354100",3.50264637452742,-0.370662622548212
"SRR5354102",3.91447465402266,-2.71421473512756
"SRR5354103",5.04341785890242,-1.22002952585327
"SRR5354104",3.76815836412093,-0.0449929762850896
"SRR5354105",1.35567643028876,-2.38559096346008
"SRR5354106",4.25143449288985,-2.34746926317321
"SRR5354107",3.79211108667037,-1.85860221872436
"SRR5354108",4.4607400177159,-1.58944933900939
"SRR5354109",2.84466915113112,-0.805927686787714
"SRR5354110",2.70545368177077,-0.740148477650751
"SRR5354111",3.59751479608199,-1.74751728067504
"SRR5354112",4.32507412416121,-1.55475037584411
"SRR5354113",3.49591534120223,-0.171035223103632
"SRR5354114",3.51125352365157,-0.154574565983881
"SRR5354115",3.64825170022627,-0.273159675694574
"SRR5354117",3.687913942162,-0.330779962636103
"SRR5354118",3.37766211015364,-0.517006569005121
"SRR5354119",4.27656643373152,-1.18144219408142
"SRR5354120",2.95755546075484,-0.467612915135492
"SRR5354121",3.69632678014418,-0.176048212147822
"SRR5354122",4.19241325837752,0.826152987383734
"SRR5354123",3.33631925565382,-0.302285604573359
"SRR5354124",3.48973267060896,-0.0991690684329167
"SRR5354126",3.10642020684859,-0.376354866124262
"SRR5354127",2.14660330397269,-0.953928880787958
"SRR5354128",3.87259237748763,-0.203870945073237
"SRR5354129",3.66419296247145,-1.38207309732543
"SRR5354130",1.59886991513154,-1.10963314066039
"SRR5354131",3.70050649625441,-2.14140360841857
"SRR5354133",3.72854821664473,-0.514086179829706
"SRR5354135",3.92924134713789,-0.82801025400268
"SRR5354136",3.42840926629683,-1.33018081674682
"SRR5354137",4.10065786821028,-1.75404971132385
"SRR5354138",4.36398832780501,-1.58661716470825
"SRR5354139",2.75819699746748,-0.626087598897089
"SRR5354140",4.0060006855168,-1.72310250291931
"SRR5354143",4.14242427331587,-2.44678252229797
"SRR5354144",3.33021335584303,-0.340278797246088
"SRR5354145",-2.81247932928422,4.19508797635926
"SRR5354146",-3.58128721731523,4.14842969884766
"SRR5354147",-2.38990576284746,2.68454182853592
"SRR5354148",-1.92170507925371,5.53095061292542
"SRR5354149",3.42539720517775,-3.20805161485778
"SRR5354150",-0.257954073127303,-1.5610262681018
"SRR5354151",0.989637720409837,-2.46728270540344
"SRR5354152",-3.28593809622148,4.45093376150025
"SRR5354153",-1.92014939802507,2.81553889026536
"SRR5354154",-2.78936369436601,3.06259316911591
"SRR5354156",-2.63255674856523,4.1266174983014
"SRR5354158",-0.38805277365068,-1.44755619058715
"SRR5354159",-0.134707164939437,-1.39758842477905
"SRR5354160",-3.59633142965654,4.95519692411316
"SRR5354162",-3.75566370504716,4.25619132032288
"SRR5354163",-2.36270697134355,3.67895431032075
"SRR5354165",-3.57831079977373,4.22457057943238
"SRR5354166",-1.21499569433549,-1.75826542863952
"SRR5354167",3.36731951219222,-1.29965012559997
"SRR5354168",-3.48547585028032,4.78492028226746
"SRR5354169",-2.68716890829423,4.05544001569642
"SRR5354170",1.91751036328455,-2.91280167589294
"SRR5354171",3.20372753125807,-3.62572520265685
"SRR5354172",-3.88542110937456,4.48499567022217
"SRR5354174",-3.98105795400957,4.78144628515137
"SRR5354175",-1.8813763381801,3.03157658090485
"SRR5354176",3.20129339677474,-2.40174525270568
"SRR5354177",-3.16180546301225,-1.57977741251098
"SRR5354178",-3.80596954840044,4.07870251645936
"SRR5354180",-1.18200047033647,-1.70336859712707
"SRR5354181",-4.1614683391414,4.34813792219056
"SRR5354182",-3.1604073764644,3.41736621370209
"SRR5354183",-4.18623573797563,4.46893984784974
"SRR5354184",-2.1968858959041,0.992327637575994
"SRR5354186",-1.91302115934709,3.15029770841492
"SRR5354188",-4.09245140570024,5.01707179059876
"SRR5354189",-3.44927389639238,5.34790212621583
"SRR5354193",-1.36860997694353,-0.805168562031855
"SRR5354194",-1.18528659361223,-1.70141404161559
"SRR5354195",-3.26009256857255,5.06306416501893
"SRR5354196",-1.53497965353349,0.33606011381043
"SRR5354197",2.22195576411864,-2.88287871370422
"SRR5354199",-2.89618666189531,5.7016678523053
"SRR5354200",0.0934322355427406,-1.58558791170226
"SRR5354201",-0.584069562133346,-1.66332810411559
"SRR5354202",-2.52301914709428,3.70198518743409
"SRR5354203",-4.24454529302934,4.34503609647645
"SRR5354204",-2.51217157858232,3.61455816736115
"SRR5354205",1.95055015665671,-1.0060159493457
"SRR5354206",-3.52763350027421,-1.32444780359374
"SRR5354208",-3.25581533926347,3.41237170209778
"SRR5354209",-1.33936579244951,2.40123314371003
"SRR5354210",2.94751398545882,-3.56416838655578
"SRR5354211",-2.44848377722124,0.502910203837286
"SRR5354212",-2.10260922926286,3.73968262185944
"SRR5354213",-3.35646612661699,-1.37150805482971
"SRR5354214",-3.40134937780717,4.35091335286988
"SRR5354215",3.40983240586897,-2.87581437120544
"SRR5354216",-1.93566210287431,0.150456375979315
"SRR5354217",-2.97465736883501,3.67963487615479
"SRR5354218",-1.63190443533281,0.0857591103543147
"SRR5354219",-2.80089838522295,2.35348946561707
"SRR5354221",-2.40454514044145,3.87225849141968
"SRR5354222",-3.60291893499712,4.77952057828797
"SRR5354223",-1.19322903173784,-1.71676867494689
"SRR5354224",1.6149151278772,-3.75379841814147
"SRR5354225",-2.73379642980913,3.24445588102234
"SRR5354226",3.53245954496047,-3.25978940019714
"SRR5354227",-2.73760397451738,-2.04278128633605
"SRR5354229",-3.30615456121782,4.17099387159241
"SRR5354230",-4.09850151556352,4.43537909498108
"SRR5354231",-2.92345697897295,-1.5709151555072
"SRR5354232",-1.79465110319475,3.10217697133912
"SRR5354233",-3.79424030798295,4.19882995595826
"SRR5354234",-2.79610950964311,5.9812784861554
"SRR5354235",-1.6270559551082,2.95057315339936
"SRR5354236",-3.936393571075,4.54950005521668
"SRR5354239",-2.47404654043535,-2.0032882023822
"SRR5354241",-3.19639427679399,3.62160927762879
"SRR5354242",-3.55093462484697,4.63899142255677
"SRR5354244",-1.38541085737566,3.08502466192139
"SRR5354246",-2.2003563167415,4.03675825109376
"SRR5354247",-2.61645920294145,5.75694996824158
"SRR5354248",-2.6440990688167,3.9929698180188
"SRR5354249",-2.91415483969072,3.70377094259156
"SRR5354250",-1.50063974874834,0.549910969637762
"SRR5354251",-3.32068665045122,-0.0161749650012151
"SRR5354252",-1.45215327757219,1.51871056070222
"SRR5354253",-1.91579396742204,0.282074994944464
"SRR5354254",-3.29280741232255,4.51142031659974
"SRR5354255",-3.54497606771806,3.64583463182343
"SRR5354258",-2.1232295753322,3.17188078870667
"SRR5354259",-2.97444279211381,3.98025924672974
"SRR5354260",-3.12499792593339,4.53720027913941
"SRR5354261",-2.71162302511552,4.53542549123658
"SRR5354262",-3.74054176824907,4.12223560323609
"SRR5354264",-2.27304465788225,1.53920582642449
"SRR5354265",-1.39923174398759,1.02235258331193
"SRR5354266",-1.46116192358354,3.84829003324402
"SRR5354267",-1.98264820593217,-0.296946220494379
"SRR5354268",-3.37314112203935,3.20715791692627
"SRR5354269",-3.51025183218339,4.44700247754944
"SRR5354270",0.944723534409013,-2.56520169267761
"SRR5354271",-3.02409298437456,0.429585761927496
"SRR5354272",2.97426300031325,-1.32808845529663
"SRR5354273",-3.4660976650081,0.143423862360845
"SRR5354274",-2.80506832617143,5.91468150129212
"SRR5354277",-2.90223724859575,3.71658534517182
"SRR5354278",-2.57151443975786,2.7317627738942
"SRR5354279",-3.74411518591264,3.96442753782166
"SRR5354280",-3.2695906879268,5.77434617986573
"SRR5354281",-3.52831347006181,-2.11109035501586
"SRR5354282",-4.20363886373857,4.88886315336121
"SRR5354283",-1.76603491323808,1.37498278131379
"SRR5354284",-3.39686043279985,3.75414533128632
"SRR5354285",-2.52418215292314,3.90730983724488
"SRR5354286",-2.94132406729082,1.85765993369413
"SRR5354287",-2.86849482076982,6.02953297605408
"SRR5354289",-1.88146550672868,1.90514780914081
"SRR5354290",-2.00759418028215,3.37764174451722
"SRR5354291",-1.97492749708513,3.55846757402314
"SRR5354292",-1.88906414526323,3.08308333864106
"SRR5354293",-2.34789783972124,-0.114211015797724
"SRR5354294",-3.40431482809404,4.8684125613202
"SRR5354295",3.59288601857802,-3.05169480333435
"SRR5354296",-3.48555691259721,3.92243678083314
"SRR5354297",-2.3339741947017,3.60337299814118
"SRR5354299",1.1109030125775,-2.55902855882751
"SRR5354300",-3.40859444158891,5.31903464307679
"SRR5354302",-0.113975358184371,-1.45416300783264
"SRR5354303",-1.83603413122514,3.07679862489594
"SRR5354304",1.28269912583014,-3.04287665376769
"SRR5354305",-3.72250063436845,4.04644495954407
"SRR5354306",-1.37733848112443,2.73115725030793
"SRR5354307",-2.04298956411699,-1.4458090592395
"SRR5354310",-1.16650826948503,-1.71206753740417
"SRR5354312",-1.8733402015529,1.07268566598786
"SRR5354313",-3.80486662405351,4.79625088682068
"SRR5354314",-1.79033501165727,2.84277553071869
"SRR5354315",-1.7627399684749,1.14370293130768
"SRR5354316",3.43753497583052,-3.04845088014709
"SRR5354318",-3.27092392462114,4.68877894391907
"SRR5354319",-2.60571367758134,-0.405170374013056
"SRR5354320",-1.95033891218523,1.93990733062519
"SRR5354321",-2.7571886302791,-1.24085944185363
"SRR5354323",-3.22908480184892,4.35911209096802
"SRR5354325",-3.05705292242387,4.76190001478089
"SRR5354326",-3.59381420629838,4.17463571538819
"SRR5354328",-4.15967781561235,5.16496855726136
"SRR5354330",-1.74341852682451,1.74320005586041
"SRR5354331",-3.60246021765092,4.2744184206952
"SRR5354334",-3.93764574545244,5.24420458783997
"SRR5354335",-2.39403612631181,-0.306842975712885
"SRR5354337",-4.0287893535457,5.2112794589032
"SRR5354338",-3.70246870535234,4.01518756856812
"SRR5354339",-1.83929259794572,0.490639157198797
"SRR5354341",-3.85638315695146,4.44378478040589
"SRR5354342",-3.87764151113847,4.40598494520081
"SRR5354343",-3.97779448049882,4.41050726880921
"SRR5354345",-3.71396095770219,4.37494022359742
"SRR5354346",2.51094441396376,-2.35633700380432
"SRR5354347",-2.24631435888628,3.08501262178315
"SRR5354348",1.45939873439452,-3.04342740068542
"SRR5354350",-1.89295203703264,3.04694599618805
"SRR5354352",-1.5720809223018,2.52928472270859
"SRR5354353",-3.72149355429033,0.244924850367437
"SRR5354355",-1.78823597448686,5.18440038671387
"SRR5354356",-2.2280297996364,3.2376957606305
"SRR5354357",-2.57020838278154,3.70263690462006
"SRR5354360",-3.90342695730546,4.48857695569886
"SRR5354361",-1.20609862821916,1.2504811953534
"SRR5354362",-3.36909134405473,5.7523270319928
"SRR5354364",-2.68192417639116,4.02468282689942
"SRR5354366",-2.25744612234453,3.4016966294278
"SRR5354367",-1.99578173178056,3.03728193750275
"SRR5354369",-0.137534332450423,-1.41196530351745
"SRR5354371",-3.85418636816362,4.13502294530762
"SRR5354372",-3.41659481542924,-0.878145151234736
"SRR5354373",-3.36774570959428,3.23460335245026
"SRR5354374",-1.85563952940324,4.60745722761048
"SRR5354375",-1.14421088713029,3.89942438115967
"SRR5354376",-2.04503138082841,3.20770604123963
"SRR5354377",-2.62736160772661,3.66475517263306
"SRR5354379",1.09150414449355,-2.49083273897277
"SRR5354381",-3.1831501247249,0.226884074114691
"SRR5354382",-2.08828480261186,3.00635904779328
"SRR5354383",-1.48276288526872,-0.453356914616694
"SRR5354385",-3.87288935201982,5.31400234212769
"SRR5354386",-3.53262741583208,4.32854611387147
"SRR5354387",-2.15967161672929,3.76735610475434
"SRR5354389",-3.5642421962581,-0.705323391057123
"SRR5354390",-2.03115279692033,2.69416011085404
"SRR5354391",1.08203576785704,-2.41908448228942
"SRR5354394",-1.15820510404924,3.80628890504731
"SRR5354395",1.05826263410231,-2.59514611253845
"SRR5354396",-2.2042773486934,0.474613137148748
"SRR5354397",-3.52376062887529,5.48652727117432
"SRR5354398",-0.947924208816085,4.67100102414979
"SRR5354400",-1.29055745619157,0.59030873289002
"SRR5354402",-3.57159979360918,3.80928737630738
"SRR5354404",-2.03907425421098,-1.58596532831298
"SRR5354405",-3.52828152197221,-1.28695767412292
"SRR5354406",-1.76212985533098,3.24756414403809
"SRR5354407",-1.76924426573137,2.66135812511338
"SRR5354410",-2.00731141584733,3.29163331498993
"SRR5354412",-4.37367136495927,0.708505339526068
"SRR5354413",-2.28928120153764,4.74746973028077
"SRR5354414",-1.50261695402483,2.66617900838746
"SRR5354416",-4.35463078039506,4.21175128927125
"SRR5354420",-2.3568676235042,3.77973002900971
"SRR5354422",-3.2461589099727,3.88888413419617
"SRR5354423",-3.03344709890703,3.02579850664033
"SRR5354424",-3.4614327670894,4.73005158414734
"SRR5354427",-2.14772517698625,1.56331510057343
"SRR5354429",-1.75249035375932,2.65940160264863
"SRR5354430",-1.8799057723842,-0.371069841481318
"SRR5354432",-2.646683049377,4.13215143194092
"SRR5354433",-2.38005192297319,3.63471824636353
"SRR5354434",-1.38367016332963,-0.0172814656268254
"SRR5354435",-2.65867025869707,4.02015788068665
"SRR5354436",-3.80270512121538,4.81919223775757
"SRR5354440",-3.10148746984819,4.7786200713147
"SRR5354442",-1.90411551016191,0.393089361094366
"SRR5354443",-3.92465384024004,-1.9981293011676
"SRR5354444",-3.67697508352617,3.75990194787873
"SRR5354445",-2.06942017095903,4.22386438360108
"SRR5354446",2.1433001039662,-2.52716439256774
"SRR5354447",-1.83668692129472,0.374311752222906
"SRR5354448",-2.27060134428361,4.10424525251282
"SRR5354451",-3.3389528514705,-0.395607166386713
"SRR5354452",-2.21402175443986,3.73884779920472
"SRR5354454",-2.49165089147905,4.29006320943726
"SRR5354455",-1.44399435537675,2.83372015466584
"SRR5354456",-2.38969547766069,3.87329334726227
"SRR5354457",-2.37488777654985,-0.266289644337763
"SRR5354458",-3.14623720663408,5.25187284459961
"SRR5354459",-2.25974376219133,3.69365150442017
"SRR5354460",-3.98567421453813,-1.31951516161071
"SRR5354461",-1.95276052969316,4.36477763166321
"SRR5354463",-1.38161261099199,1.01170135249985
"SRR5354464",-1.95532042997697,3.97932750692261
"SRR5354465",-3.41469080465654,4.75226575841797
"SRR5354466",-2.41765768545488,-0.419914417363276
"SRR5354467",-1.39618999975542,0.777547545336615
"SRR5354468",-3.26521713751176,4.37467987050904
"SRR5354469",-1.9552334071956,3.14619070997132
"SRR5354470",-3.4075473071895,4.60755712499512
"SRR5354472",-1.96932275312761,3.13084418287171
"SRR5354473",-1.91497595327714,3.24553973188294
"SRR5354474",-3.30238802450517,3.25446362008942
"SRR5354475",-2.02175099867204,1.03120715131653
"SRR5354477",-1.60602934378007,2.97728175630463
"SRR5354478",-2.59278805273393,3.97388035764588
"SRR5354479",-2.00907857435564,5.42880255689515
"SRR5354480",-1.96948082464555,3.55899757852448
"SRR5354481",-1.81845743673662,-0.774855785466303
"SRR5354482",-2.97764666097978,0.912383086584936
"SRR5354483",-2.2394142867885,3.65154773702515
"SRR5354484",-2.58491261022905,-1.9901410866748
"SRR5354485",-2.02112610357622,3.02329821100129
"SRR5354486",-1.50838501470903,2.91664034833802
"SRR5354487",-2.17289907949785,0.228674955271612
"SRR5354488",-1.47705347555498,3.78062767496003
"SRR5354489",-1.80392653959611,2.12444131781949
"SRR5354492",-1.60117418783525,1.64807683935059
"SRR5354493",-3.75802738684038,-1.25805180559265
"SRR5354494",-3.01794178503374,1.94028373768223
"SRR5354495",-3.2188037158809,-1.81759946832763
"SRR5354497",-2.5381100894771,2.52524454107178
"SRR5354499",-2.76868469732622,4.55414254178895
"SRR5354500",-1.65087087171892,1.59219799151314
"SRR5354501",-2.22109944837907,-0.272896700001825
"SRR5354502",-1.72171146887163,3.00271315088166
"SRR5354503",-2.29775412100175,-1.11644666681396
"SRR5354504",-3.82368166464189,-1.22368758211242
"SRR5354505",-3.0780680896602,-0.589828424550165
"SRR5354506",-2.02791697996477,2.71333224286927
"SRR5354507",-4.15869934576372,5.18037945737732
"SRR5354508",-4.17113096731523,4.45222432126893
"SRR5354509",-3.40224297064165,4.85935670843018
"SRR5354510",-1.28923900144914,1.33540505876435
"SRR5354512",-2.21542174833635,2.16584066262139
"SRR5354513",-2.50618155020097,3.69102627744568
"SRR5354514",-2.15014607923845,0.217802352808844
"SRR5354515",-2.40532047766069,-0.26770489702331
"SRR5354516",-2.89545185583452,3.78426296224488
"SRR5354517",-1.51182754057268,0.442783422373663
"SRR5354519",-0.210105729278121,-1.60320728311645
"SRR5354520",-2.44747383612016,2.91068429460419
"SRR5354521",-2.74209911840776,-0.543772869206537
"SRR5354522",-1.9654782535396,-1.592100553609
"SRR5354524",-4.22757465856889,5.06731349935425
"SRR5354526",-2.03892047422746,2.92451829423798
"SRR5354527",-4.06966145056108,5.33774907102479
"SRR5354528",-1.86686737554887,3.1000745963086
"SRR5354529",-1.19167168157915,-1.73316805849182
"SRR5354531",-3.87242777365068,5.21088535299195
"SRR5354532",2.49066053611418,-2.70924323091613
"SRR5354533",-3.94186766165117,4.51701695432557
"SRR5354534",-1.53978426473955,0.442797608279119
"SRR5354535",2.77191596013686,-3.49463837633239
"SRR5354536",2.7239658115544,-2.93207638750183
"SRR5354537",-1.57549245375017,1.34625638236893
"SRR5354538",-3.72041065710405,4.40754634847535
"SRR5354539",-2.98004419821123,3.66711766233338
"SRR5354540",-3.4953568698726,4.36474902143372
"SRR5354541",-2.79285557287553,-0.937952213383783
"SRR5354542",-3.83224232214311,0.971894211672674
"SRR5354543",-2.53641684072832,0.0433318089474544
"SRR5354545",-2.8914430858455,4.69664651861085
"SRR5354546",-2.50832159536699,1.44736585726632
"SRR5354548",-3.5222728969417,5.47948843946351
"SRR5354549",-3.27522833364824,4.70047027578248
"SRR5354550",3.38060407621047,-3.33677189836608
"SRR5354551",-2.82404119985918,2.94058627595795
"SRR5354552",-2.7124527217708,0.535663194559942
"SRR5354554",-2.15606029051164,5.21379191388978
"SRR5354555",-2.78459723013261,-0.783494882680048
"SRR5354556",-2.02924091833452,2.24968291034592
"SRR5354557",-2.57275183218339,4.43726164808167
"SRR5354558",-1.10328133123735,-1.70836728105651
"SRR5354559",-3.54448063391069,4.19819814672364
"SRR5354561",-2.36834366339067,-1.84298651704894
"SRR5354562",-2.04764993208269,3.02400774469269
"SRR5354564",-3.00679667013505,3.05676228513611
"SRR5354565",-2.22377355116228,-1.5073153306018
"SRR5354566",-0.134633374389205,-1.39743202219116
"SRR5354567",-1.27139408605913,-0.178214721776117
"SRR5354568",-1.78689486997942,3.24034375657929
"SRR5354569",-3.53838760870317,-0.628519706822504
"SRR5354572",-1.38056452291826,2.95529813279999
"SRR5354573",-1.73244102018693,3.1726128529538
"SRR5354574",-1.12005026357988,-1.69195693025695
"SRR5354576",-4.09225256460527,4.16771847715272
"SRR5354577",-4.22853167074541,4.3548730086316
"SRR5354578",-3.25738890188554,5.73812825193299
"SRR5354579",1.04168533069273,-2.26562827119934
"SRR5354581",-1.4418261768184,-0.668773107625116
"SRR5354584",-3.96975214498857,4.76477581968201
"SRR5354585",-2.93915684240678,3.1047577332486
"SRR5354586",-2.72123844641069,2.50134200563325
"SRR5354587",-3.9678271533809,4.23156005849732
"SRR5354588",-2.12968499677995,0.692710466288458
"SRR5354589",-2.0139606715999,2.83405990114106
"SRR5354590",-2.6014941455684,5.71102387418641
"SRR5354591",-2.00095660703996,-1.62307684908019
"SRR5354592",-3.99295647161821,4.66984493245972
"SRR5354593",-1.24707753675798,-1.15877240190612
"SRR5354594",-2.7169750453792,-0.864020519353022
"SRR5354595",-1.46170504110673,0.995989746950994
"SRR5354596",-1.53200132864336,0.114713735484014
"SRR5354597",-3.68407089727739,4.86344129552735
"SRR5354598",2.02350537759444,-1.11537330637084
"SRR5354599",-1.79620821493486,-1.86486976633178
"SRR5354601",-3.21764500158647,0.255206055544744
"SRR5354602",-2.68525345342973,-1.45389025697814
"SRR5354603",-1.98529703634599,-1.61985152254211
"SRR5354604",-1.11824924963335,-1.54517643938171
"SRR5354605",-2.33744175451616,4.87825996389283
"SRR5354606",-3.08880598562578,3.13598174562348
"SRR5354608",-3.58588726538042,-0.380883627034296
"SRR5354609",-1.21489198225359,-1.52022831926452
"SRR5354610",-3.65031082647661,4.54911691656006
"SRR5354611",0.0174352405705116,-1.48056524286376
"SRR5354612",-2.6521590473018,-1.69367664346801
"SRR5354613",-2.179721903976,5.67218238820923
"SRR5354614",-1.29023559110979,-0.278091125584711
"SRR5354615",-2.97555668371538,-1.67517083177673
"SRR5354617",-3.75454123037675,-0.664528064824213
"SRR5354618",-2.18436868208269,0.937926061056982
"SRR5354619",-4.2261565448604,5.09056121816529
"SRR5354621",-2.68418104666093,3.09293705930604
"SRR5354623",-2.15398795622209,-1.49707525262939
"SRR5354624",-1.73864228742937,5.24133569707764
"SRR5354625",-1.86034925001482,3.117137021922
"SRR5354626",-3.1502059223018,4.09292823781861
"SRR5354627",-1.87416632192949,2.9116664599408
"SRR5354628",3.34797494393965,-3.63983624467956
"SRR5354629",-1.77915747183183,4.06355125417603
"SRR5354630",-3.37004978674272,4.39168626775635
"SRR5354631",-3.40707428472856,0.73809082021607
"SRR5354634",-1.39585955160478,-1.7614349652301
"SRR5354636",-1.29008348005632,2.90319270601166
"SRR5354638",-3.08681852835039,3.00774926652802
"SRR5354641",-2.90458996313432,2.85200358142747
"SRR5354644",-1.73447353857378,0.975269086264501
"SRR5354646",-1.7537546874843,0.810511894129644
"SRR5354647",-2.75152618902544,0.654863901041876
"SRR5354648",-3.75979120748857,4.79835135450257
"SRR5354651",-1.27605946081499,3.03288871755494
"SRR5354652",-1.55213458555559,0.742308564089666
"SRR5354656",-1.36224801557878,-0.596289806462397
"SRR5354657",-3.89378960150102,-0.265967779255976
"SRR5354660",-2.80243713873247,2.73951352348221
"SRR5354661",2.74589161855361,-3.25837557802307
"SRR5354664",-3.52291233557085,4.81138522138489
"SRR5354665",-3.50526983755449,1.1600897978772
"SRR5354667",-1.29203422087053,2.92545730581177
"SRR5354668",-3.70833809393266,4.20945436468018
"SRR5354671",-1.62923247831682,3.00361318101777
"SRR5354672",-1.48231060522417,3.23218817224396
"SRR5354673",-3.04295237081865,5.23730856885804
"SRR5354675",-3.18492681997636,2.17743331899537
"SRR5354677",-1.22988445776323,2.81699139585389
"SRR5354678",-3.35896618383745,4.42092520704163
"SRR5354679",-3.64323360937456,5.22185046186341
"SRR5354680",-2.7910021068416,2.88179267158402
"SRR5354681",-1.26766021269182,1.1758483122815
"SRR5354683",-4.10792715566972,4.25402028074158
"SRR5354684",-3.09546835440019,4.45106489171876
"SRR5354686",-1.37512047308305,2.94796866884125
"SRR5354688",-1.26690895574907,2.81453151216401
"SRR5354692",-3.28783638494829,4.57634217252625
"SRR5354694",-3.41448910253862,4.66087657918824
"SRR5354696",-2.55022079962114,4.13091976156128
"SRR5354698",-1.76694328802446,2.91654009332551
"SRR5354699",-1.93714578169206,0.951902813815008
"SRR5354701",-3.69328672903398,-1.26188700685607
"SRR5354702",-2.06112797277788,4.00447589864625
"SRR5354703",-3.36919958608964,4.79178387632264
"SRR5354707",-4.11918671148637,5.24164468755616
"SRR5354708",0.16473476869246,-1.57006781587707
"SRR5354710",1.48774701637408,-2.48397582063781
"SRR5354713",-3.14155132788042,5.25582677831544
"SRR5354717",-3.21146328466753,4.46552283277405
"SRR5354720",-1.84868819731096,2.89276022424592
"SRR5354722",-2.97991974371294,3.70356256475342
"SRR5354723",-4.54076845663408,-0.24424093256103
"SRR5354724",-3.04897243994096,5.77541501035584
"SRR5354725",-2.64207823294023,3.84211022367371
"SRR5354726",-4.55418713110307,0.752385086916815
"SRR5354727",-3.75695116537431,0.451396293543707
"SRR5354730",-0.970185351546798,4.2474089335431
"SRR5354732",-4.46418840902666,0.257523007296453
"SRR5354734",-1.95194799917558,1.27904403915299
"SRR5354735",-2.06976563948015,1.95827102621687
"SRR5354738",-2.44605429190019,-0.455889158345331
"SRR5354739",-1.50177366751054,3.11088699808014
"SRR5354741",-1.18616802709917,4.39013821592225
"SRR5354742",-1.78961975591997,2.6114441822995
"SRR5354743",-2.50178177374223,1.97936219682587
"SRR5354744",-2.84956486242631,0.460565037630926
"SRR5354745",-4.06084568518022,4.71118337621583
"SRR5354746",-1.97150905149797,0.7117449711789
"SRR5354748",-0.967440200027023,-1.53252165804016
"SRR5354750",-1.10136253851274,4.55140764226807
"SRR5354752",-2.22531659620622,-1.46847551355468
"SRR5354754",-2.91321833151201,5.27726180066956
"SRR5354755",-3.24781019705156,3.57284790983094
"SRR5354756",-2.45400650518754,0.685722060107122
"SRR5354757",-3.94510538595537,5.29090601911439
"SRR5354758",-2.09478814619401,2.32146597614182
"SRR5354759",-1.68057687300066,3.78520352353943
"SRR5354760",-1.72004754560808,3.01231295575989
"SRR5354762",-1.35083420294145,2.99497789850129
"SRR5354763",-1.42842729109148,2.32244325389756
"SRR5354764",-1.15789420622209,3.66787738313569
"SRR5354765",-1.27112610357622,2.30949277391327
"SRR5354767",-1.55603392141679,3.72871107568635
"SRR5354769",-2.89325506704668,2.79486662855042
"SRR5354770",-1.6594844581447,3.66704840173615
"SRR5354771",-1.1001742603145,3.86258358468903
"SRR5354772",-3.74410612600664,5.55448204984559
"SRR5354773",-2.59240944403032,1.49230418314828
"SRR5354774",-3.46516211050371,5.85717946996583
"SRR5354775",-2.00118644255022,2.24856517424477
"SRR5354776",-2.81138689535478,4.31295067777527
"SRR5354777",-2.4844458820186,1.87667470199658
"SRR5354779",-1.76339347380022,3.81194180955781
"SRR5354780",-1.87178714292863,1.51105127444161
"SRR5354781",-4.17116386907915,5.14656097402466
"SRR5354782",-3.474075627502,4.89916116704835
"SRR5354783",-2.4861114742122,-0.104654483891596
"SRR5354784",-2.73983461874345,2.30443582644356
"SRR5354785",-1.30466539877275,4.07622677793397
"SRR5354786",-3.7602551700435,0.962193555735479
"SRR5354787",-1.90251023786882,1.23424894323243
"SRR5354788",-3.44603807943681,3.10633928289307
"SRR5354789",-1.51037247198442,0.680009789370428
"SRR5354790",-2.15853912847856,1.67980527093304
"SRR5354791",-3.15498526113847,4.85990244855774
"SRR5354792",-2.6877454044185,0.883499450587164
"SRR5354793",-2.13296253698686,1.6876476626624
"SRR5354794",-4.01165325659135,4.76439887990845
"SRR5354795",-1.7726174117885,2.2644296955098
"SRR5354796",-4.17030556219438,4.39596945752991
"SRR5354797",-3.04137356298784,4.43256122579468
"SRR5354799",-2.41818172949174,0.942037291430365
"SRR5354800",-3.71408207434038,5.58263070096863
"SRR5354802",-1.39440734403947,3.81525678148163
"SRR5354803",-2.03444392698625,1.90420465131892
"SRR5354804",3.60503475648543,-0.2970680523883
"SRR5354805",-3.94595749395708,0.481344766520391
"SRR5354806",-3.02445490377763,2.11561515142811
"SRR5354807",-3.36244232672075,3.43197900762452
"SRR5354809",2.2810080526509,-2.07105463037597
"SRR5354810",-3.25157816427568,5.62846047391785
"SRR5354812",0.381215977493729,-1.74499814996826
"SRR5354814",-1.6715465308986,5.45336801519288
"SRR5354815",-3.26801378744462,3.63656277170075
"SRR5354816",-1.60243971365312,2.03396438767804
"SRR5354817",2.27659724933287,-3.16454022417175
"SRR5354818",1.95122280997416,-4.36026232729064
"SRR5354820",1.24685879332205,-2.80927603731262
"SRR5354821",2.22491435987135,-3.42441313753234
"SRR5354824",2.80862526876112,-4.11385338792907
"SRR5354825",2.81555693132063,-4.58041613588439
"SRR5354826",2.82558445912978,-2.6847838688861
"SRR5354827",2.15059168917319,-4.53070872316467
"SRR5354828",3.43136923295638,-3.47656434068786
"SRR5354830",3.02329938394209,-0.372379474736322
"SRR5354831",1.82677477133652,-3.52829640398132
"SRR5354832",2.0810759244599,-3.85578148851501
"SRR5354836",3.0990182636418,-4.08100502977477
"SRR5354837",3.02879612428328,-4.46592562685119
"SRR5354838",2.09300761205336,-4.22278779039489
"SRR5354839",2.24735753518721,-3.80475943575012
"SRR5354840",1.50796895009657,-3.24417346010314
"SRR5354842",2.08672358376166,-3.20369236955749
"SRR5354843",2.06130607706686,-4.74722760210144
"SRR5354845",3.92132942659041,1.14765096416367
"SRR5354847",2.40301583987853,-3.24504845628845
"SRR5354848",2.53999464494368,-4.80553811082946
"SRR5354853",2.33005951625487,-4.6783632565509
"SRR5354855",1.59947708529612,-4.02485650072204
"SRR5354856",2.03729848844191,-2.58380930910217
"SRR5354857",3.16144602281233,-0.176399641133417
"SRR5354859",1.89386970085284,-3.87987750063049
"SRR5354860",1.89128080290934,-4.3726467419635
"SRR5354861",3.28519158345839,-3.37010424623596
"SRR5354862",1.25746397954604,-2.8662933636676
"SRR5354863",3.85204975587508,-0.641040735341181
"SRR5354864",1.73972925079247,-4.55739062318908
"SRR5354865",2.48080890161177,-3.07233946809875
"SRR5354866",1.8498802064099,-4.58013384828674
"SRR5354867",1.51597580594202,-4.1125730801593
"SRR5354868",1.89528161567828,-4.64736502657043
"SRR5354869",1.90215082747122,-3.08072131166564
"SRR5354872",1.95977703017374,-4.70383446703063
"SRR5354873",1.3141617952027,-3.80355780611144
"SRR5354874",2.8541281698384,-2.36748307237731
"SRR5354875",4.33205239755293,1.64524883737458
"SRR5354876",2.33684335929533,-3.48527901659118
"SRR5354877",3.91659300309798,-0.14007776270019
"SRR5354878",1.94886590820929,-3.63880055437194
"SRR5354879",2.05015068036696,-4.38924925813781
"SRR5354883",2.82968871575972,-4.20916407594787
"SRR5354884",1.48438887578627,-3.23485272417175
"SRR5354885",1.89604510647437,-4.38408797273742
"SRR5354886",1.65191615653416,-3.41656773576843
"SRR5354887",2.00144653302809,-4.05629675874816
"SRR5354888",2.13237031084677,-4.15936892519103
"SRR5354889",1.75658155513188,-3.87952607164489
"SRR5354890",2.3484124420323,-3.1645578671466
"SRR5354891",1.87583327573916,-4.00302927980529
"SRR5354892",2.93961970788619,-4.09153073320495
"SRR5354893",2.03567649704596,-3.69298260698425
"SRR5354895",1.86235566717764,-3.03008263597595
"SRR5354896",2.05619059783598,-2.96726315507995
"SRR5354897",1.95632016939303,-2.94632142076599
"SRR5354899",4.46566860658309,0.780227250956427
"SRR5354900",1.95007941407343,-3.72974055299865
"SRR5354901",2.49279974681517,-3.70018857011901
"SRR5354902",2.36213313323637,-3.83199923524963
"SRR5354903",2.61677758676192,-2.96306746492492
"SRR5354904",2.35430233461043,-2.83968346605407
"SRR5354905",2.99951713067671,-3.5690087605487
"SRR5354907",1.80340854359051,-3.88513653764831
"SRR5354908",4.3457006691136,1.01868320217026
"SRR5354909",2.96373443586012,-2.41702216158019
"SRR5354911",2.0150495944657,-2.66450875291931
"SRR5354912",2.79370682222029,-4.29464047441589
"SRR5354914",1.77681169194361,-3.8497590352069
"SRR5354915",2.22749208194396,-2.77131073961364
"SRR5354916",5.0323724029698,1.11539453973664
"SRR5354919",2.99046556932112,-3.65199749956237
"SRR5354924",2.36309849006316,-4.32694809923278
"SRR5354926",1.85908018333098,-3.03216259966003
"SRR5354927",1.76411401015898,-1.09132736215698
"SRR5354928",4.82097141725203,1.05552083959473
"SRR5354930",2.9220494506993,-5.47095625887023
"SRR5354932",3.74928300363204,0.00570041646851149
"SRR5354934",3.05441622716567,-5.3019189167987
"SRR5354935",2.79882972222945,-3.01901953706848
"SRR5354936",1.98507784587523,-4.50300162325012
"SRR5354937",2.03933085781714,-4.7955974865924
"SRR5354938",2.81882410031935,-2.01668255815612
"SRR5354939",2.19452752453467,-0.915738039113154
"SRR5354940",4.08060018998763,-0.156294994450678
"SRR5354942",1.64022818488261,-3.36384432802307
"SRR5354944",-0.951384377654586,-1.64876692781555
"SRR5354952",1.6129317833223,-1.4898478318225
"SRR5354954",4.57417576295516,0.635614104174505
"SRR5354955",1.59624531400582,-3.03806965837585
"SRR5354956",2.1000030813851,-3.1016802121173
"SRR5354961",1.39846091252943,-3.23765461931335
"SRR5354962",2.46771537048003,-5.06501906404602
"SRR5354964",3.94081680757185,0.425800270937811
"SRR5354967",1.6497959820666,-3.41806071291076
"SRR5354968",2.21984158736845,-3.27855532655822
"SRR5354970",1.33762492519995,-3.29650872240173
"SRR5354971",1.38566713315627,-2.27184336671935
"SRR5354972",2.01973505598685,-4.54418604860412
"SRR5354973",1.05518399459502,-2.28216879854309
"SRR5354974",3.69382302743575,-1.84860270509826
"SRR5354976",1.35058905464789,-3.77314417848693
"SRR5354978",3.84554641229292,-2.71230643282043
"SRR5354980",1.66032077652594,-3.73249238023864
"SRR5354983",4.32262222749373,1.05403328647507
"SRR5354984",3.01368861180922,-5.07835906038391
"SRR5354985",2.02783505899092,-3.4921740818988
"SRR5354988",2.07498626691481,-2.76534646043884
"SRR5354989",2.03576128465315,-2.88636343965637
"SRR5354993",3.16968433839461,-3.01429312715637
"SRR5354995",2.26732854825636,-5.07724946031677
"SRR5354997",2.31277112943312,-3.040005140401
"SRR5354998",2.83286492807051,-2.94859736452209
"SRR5354999",3.98551695329329,-1.20201271066772
"SRR5355001",1.21354149562499,-3.04249995241271
"SRR5355004",6.28760879022261,-1.94079654703247
"SRR5355006",2.00220735651633,-4.10346310625183
"SRR5355009",2.04499687534949,-2.94024651537048
"SRR5355011",1.97724594456336,-2.08396690378295
"SRR5355012",1.91635500175139,-2.16635363588439
"SRR5355013",1.79734391254565,-3.10284035692321
"SRR5355014",2.23873959762236,-4.34561913499938
"SRR5355015",3.91990725976607,1.17729229440583
"SRR5355016",2.54380338174483,-0.938917093373407
"SRR5355017",2.48397307378432,-3.00584071169006
"SRR5355018",2.7574245212712,-4.66542618761169
"SRR5355019",1.83973755967995,-3.96255963335144
"SRR5355020",2.10893287045142,-1.32707803735839
"SRR5355021",2.14081777912756,-1.87690752039062
"SRR5355022",2.2088521299996,-0.989131383992304
"SRR5355023",1.78266360891243,-4.3696154881488
"SRR5355024",2.83892111760756,-2.90846865663635
"SRR5355025",2.06829755288741,-4.47699349413024
"SRR5355026",1.77867203858873,-2.84567397127258
"SRR5355027",-3.95603735464433,4.86678010930909
"SRR5355028",3.93374054414412,-2.71652501115905
"SRR5355029",2.45540230256697,-2.34451096544372
"SRR5355030",1.89912997466704,-5.16766398439514
"SRR5355031",1.56593777519843,-1.15363233575927
"SRR5355032",1.99341316801688,-2.37755434999572
"SRR5355033",1.73726910446962,-3.7522796917926
"SRR5355034",4.4884385345616,0.976435549162756
"SRR5355035",1.83013921511551,-2.09189789781677
"SRR5355036",2.23233609182021,-3.3660206128131
"SRR5355037",2.498724925343,-2.93908350954162
"SRR5355038",1.96216921788832,-2.32424777040588
"SRR5355039",1.95855413657805,-3.70771496782409
"SRR5355040",2.86524550897261,-4.27035611162292
"SRR5355041",2.10962097627303,-4.07734387407409
"SRR5355042",2.8759638546147,-2.63089745531188
"SRR5355044",1.86951868516585,-3.75024502763854
"SRR5355045",2.93703203183791,-4.53854077348815
"SRR5355046",1.49942484778544,-3.52603667268859
"SRR5355047",0.824939894501176,-2.14689009676086
"SRR5355049",2.86396651250502,-3.27241175661193
"SRR5355050",3.23756043893477,-3.56861584673034
"SRR5355051",2.88410906774184,-2.37788908968078
"SRR5355052",2.18183352333685,-3.51189749727355
"SRR5355054",1.74479329307755,-1.24367278108703
"SRR5355055",1.78741699737689,-4.94971077928649
"SRR5355056",2.19493966085097,-2.65720122346984
"SRR5355057",1.98906652909895,-4.46220582018005
"SRR5355058",2.0217389641442,-2.96774380693542
"SRR5355059",-1.49609215277055,0.781442351244818
"SRR5355060",1.87549531740328,-2.63258831987487
"SRR5355061",1.89410259110114,-4.19266407976257
"SRR5355062",1.10189490300795,-2.51723711977111
"SRR5355064",1.2348890481629,-3.48511879930602
"SRR5355065",2.56024222356459,-4.18264763841735
"SRR5355066",2.74177401048323,-3.86023896226989
"SRR5355067",2.11178352219244,-3.97204201707946
"SRR5355068",1.89507042152068,-3.09137337694274
"SRR5355069",1.88902470749995,-5.09997170457946
"SRR5355070",1.27873395663878,-2.94810193071472
"SRR5355071",2.44363831264159,-0.941720180607905
"SRR5355072",1.20452754480025,-2.68519585619079
"SRR5355073",3.08538763505599,-3.55043404588806
"SRR5355074",3.85974066239974,-0.821562461949457
"SRR5355075",2.93080096227309,-4.29808848390685
"SRR5355076",2.78627591115614,-2.56964152345764
"SRR5355077",3.0157036064305,-3.17014163026916
"SRR5355078",2.71547775251051,-3.29770606050598
"SRR5355080",2.80327754003188,-2.37602274904357
"SRR5355081",4.09984891397139,1.22857112398041
"SRR5355082",2.26405917388579,-4.34808533678161
"SRR5355083",2.09596629721304,-3.5316700268756
"SRR5355084",2.2732063410916,-2.47051136980163
"SRR5355085",3.15198235494277,-2.43978350648986
"SRR5355086",3.90103881341597,1.13128263463868
"SRR5355087",1.93714180869242,-2.92028992662536
"SRR5355088",2.54213331920287,-3.55176966676818
"SRR5355089",1.77951253858587,-4.69625943193542
"SRR5355090",2.42805557233473,-1.23607271204101
"SRR5355091",1.30549083930632,-3.10097115526306
"SRR5355092",4.11496298295638,0.813226289652716
"SRR5355093",3.6022971151509,-3.18250983247863
"SRR5355094",2.66480540019652,-3.95407717714416
"SRR5355095",1.74920688663801,-3.51968949327575
"SRR5355096",1.82250913513085,-4.35293190965759
"SRR5355097",2.23542432767531,-1.90086882600891
"SRR5355098",1.70071134437999,-2.74337475786315
"SRR5355101",1.90109998268267,-3.24062912950622
"SRR5355103",2.17403890473029,-1.16912453661071
"SRR5355105",-2.63455135839799,5.61583668699158
"SRR5355106",-1.20951945799211,4.79712564458741
"SRR5355107",-2.89649374502519,5.89432818403138
"SRR5355108",-2.07395322340349,5.58788306226624
"SRR5355110",-2.64487631338457,5.61270577421082
"SRR5355111",-3.4646180393062,5.26553780546082
"SRR5355112",-3.47057373541215,4.89411050786866
"SRR5355113",-3.57481844442705,5.29768354406251
"SRR5355114",-2.89370377081254,5.24104029645814
"SRR5355115",-2.4719308139644,5.50940877904786
"SRR5355116",-3.27896149175981,5.50204379072083
"SRR5355117",-2.33607180136064,4.2943134974469
"SRR5355118",-3.3218482257686,5.41786653509034
"SRR5355119",-2.92235167044023,5.77293140401734
"SRR5355120",-3.81646425741533,4.4524653624524
"SRR5355121",-3.54179651754716,5.60218078603638
"SRR5355122",-2.67179567831377,5.6628974150647
"SRR5355123",-3.7893512965999,5.17686373700989
"SRR5355125",-2.80106861608842,4.38872510900391
"SRR5355126",-3.40770752447465,5.33680564870728
"SRR5355130",-1.74789555090288,5.5568195055951
"SRR5355131",-2.95910437124589,5.83623582830323
"SRR5355132",-1.90911633985857,3.72121865262879
"SRR5355133",-3.83129150884965,5.45726186742676
"SRR5355135",-2.0802448512874,5.60737807264222
"SRR5355136",-1.6484182597957,5.35079032888306
"SRR5355137",-1.30223305242876,2.91828996648682
"SRR5355138",-1.85771019476274,4.74035937299622
"SRR5355139",-1.09812219160417,4.51409871091736
"SRR5355140",-3.2196114780269,5.27609664907349
"SRR5355141",-3.29946072119096,5.40449673643006
"SRR5355145",-3.59378941076616,5.46645004262818
"SRR5355146",-2.43437941091875,5.71120411863221
"SRR5355147",-3.43099339025835,5.54089886655701
"SRR5355149",-3.34516747015337,5.41180545797242
"SRR5355150",-3.71559841650346,5.43578989019288
"SRR5355152",-3.92955048101762,5.23817522039307
"SRR5355153",-1.72791512029985,5.51816589345826
"SRR5355154",-3.36921007650712,5.20267111768616
"SRR5355155",-1.83135802763322,5.58188588132752
"SRR5355156",-3.78726418035844,5.29333121290101
"SRR5355157",-2.20110089796403,5.71547634115113
"SRR5355158",-2.94511730688432,5.90379912366761
"SRR5355159",-3.57901556509355,5.57043678274048
"SRR5355160",-3.94673664587358,4.90194613447083
"SRR5355162",-2.05469067114213,5.1783421706189
"SRR5355163",-1.66467196958879,5.3716376494397
"SRR5355164",-3.37026960867265,5.34405714979065
"SRR5355184",-3.99404985922197,4.66094357480897
"SRR5355185",-3.0486400844417,5.89627606382264
"SRR5355186",-3.59879763143877,5.57808572759522
"SRR5355187",-1.30546529310564,5.25943619718445
"SRR5355188",-2.58011181372026,5.65300185193909
"SRR5355190",-3.3740132572017,5.35245711316956
"SRR5355192",-3.40824587362627,5.28568822851075
"SRR5355194",-3.34087259786943,5.7463570307721
"SRR5355197",-1.49739296453813,5.1782794665326
"SRR5355199",-1.03668100851396,5.02832109441651
"SRR5355200",-0.926253628905807,4.526884860896
"SRR5355201",-1.52670485990861,5.48658425321473
"SRR5355203",-0.825160575088058,4.93140346517457
"SRR5355204",-1.37108786123613,5.33018452634705
"SRR5355205",-0.888440442260299,4.91993624677552
"SRR5355207",-0.89310796278337,4.83738238325013
"SRR5355210",-1.06562001722673,4.98296744336976
"SRR5355211",-0.94264466780046,4.89208776464356
"SRR5355212",-1.6316524268947,5.556341476344
"SRR5355213",-0.993352723296676,5.01455671300782
"SRR5355214",-1.48485119360307,5.40845376958741
"SRR5355215",-0.916182351287399,4.72143513669861
"SRR5355216",-1.0624225856624,5.06777626981629
"SRR5355218",-2.67706377523759,5.77531916608704
"SRR5355219",-1.58797843473772,5.22890336027039
"SRR5355222",-0.972232413466964,4.74175269117249
"SRR5355223",-1.19890959280351,5.25080449094666
"SRR5355225",-2.67090017813066,6.01963431348694
"SRR5355226",-1.12752850073198,5.11878735532654
"SRR5355228",-1.30403835790971,3.80855900754822
"SRR5355229",-1.226841044601,5.26011664380921
"SRR5355231",-0.920847726043258,5.00712568273438
"SRR5355234",-1.08664114492754,5.14789373388184
"SRR5355235",-0.980662894423995,4.70281869878663
"SRR5355236",-0.930508208449874,4.41273123731507
"SRR5355237",-1.00402076261858,4.8749085139264
"SRR5355238",-2.13662130850175,5.52927500715149
"SRR5355240",-1.02828724401811,5.06843192090882
"SRR5355241",-1.50135905760149,5.11131746282471
"SRR5355242",-1.03553159254411,4.19050199499024
"SRR5355243",-0.933124137099776,4.96312005033387
"SRR5355244",-0.975174498733077,4.84181959142579
"SRR5355245",-0.877581668075118,4.65467578878296
"SRR5355246",-0.966829133208785,4.75324184408082
"SRR5355247",-1.30870158689836,5.35805518140687
"SRR5355248",-2.1515429736934,5.37599284162415
"SRR5355249",-1.51974542158464,5.55395657529725
"SRR5355251",-1.71850354688982,5.57715422620667
"SRR5355252",-2.08362872618059,5.49034459104432
"SRR5355253",-2.75628645437578,5.88780791273011
"SRR5355254",-2.37811644094804,5.88053686132325
"SRR5355257",-0.901617598708663,4.88809902181519
"SRR5355259",-1.78735406416276,5.56378037443055
"SRR5355260",-1.04790813940385,4.81646568288697
"SRR5355261",-2.74337275045732,5.53161174764527
"SRR5355262",-2.16928966062883,5.50902587880982
"SRR5355264",-0.987927985366378,4.876742906474
"SRR5355265",-2.66525442617754,5.74482209195984
"SRR5355266",-1.09169156568864,5.11311156263245
"SRR5355267",-1.0140336276851,5.029734678172
"SRR5355268",-1.13246853369096,4.96591288556946
"SRR5355269",-2.53994734304765,5.65938646306885
"SRR5355270",-1.20783622282365,5.14941484441651
"SRR5355271",-1.3818121673427,5.44101459493531
"SRR5355272",-0.875285220321212,4.74539358129395
"SRR5355274",-2.00034935491899,5.52065999021424
"SRR5355275",-0.977259946044479,4.79460341443909
"SRR5355276",-2.13270075338701,5.21860510816468
"SRR5355278",-2.77716286199907,5.90202958097352
"SRR5355280",-0.954420161422286,4.8689373206128
"SRR5355281",-1.04309422987321,4.90651685705079
"SRR5355282",-0.983741116698776,4.87637574186219
"SRR5355284",-1.17525131719926,5.15345985402955
"SRR5355285",-2.70398170965532,5.96779782285584
"SRR5355286",-2.93126375692705,5.55584246625794
"SRR5355287",-1.98652918356279,4.29471809377564
"SRR5355288",-1.07541687506059,5.05126101484192
"SRR5355290",-1.01435644644121,4.97675210943116
"SRR5355296",-2.78349430578569,5.94115883817566
"SRR5355298",-2.96380741613725,6.03874213209046
"SRR5355300",-3.46214897650102,5.60690004339112
"SRR5355303",-3.72208292501787,5.63796979894532
"SRR5355305",-4.13040668981889,5.14577729215516
"SRR5355310",-3.61701900976518,5.66635782232178
"SRR5355312",-3.82525713461259,5.48916775693787
"SRR5355313",-3.19435389059404,5.92687708845032
"SRR5355315",-3.32591469305376,5.74149710645569
"SRR5355321",-4.11873037832597,5.02813846578492
"SRR5355322",-2.92888767736772,5.89115530958069
"SRR5355325",-4.15526278036455,4.82407862653626
"SRR5355327",-2.75120527761796,5.90868145933045
"SRR5355329",-2.81669600027421,5.96936137189759
"SRR5355336",-3.45476658361772,5.69871980657471
"SRR5355343",-4.0675609828792,5.36479813566102
"SRR5355351",-3.39376671331743,5.32929379453553
"SRR5355358",-2.72758467214921,5.9593697260846
"SRR5355359",-3.03141815679887,5.92393643369568
"SRR5355363",-3.61687023657182,5.65935046186341
"SRR5355364",-1.89852292555192,5.72623378744019
"SRR5355366",-4.03001339453081,4.53222424497498
"SRR5355377",-3.65610916632036,5.6011994551648
"SRR5355379",-1.26001389044145,4.99443418493165
"SRR5355381",-2.55455429571489,5.71809989919556
"SRR5355386",-2.87494118231157,6.00275427808655
"SRR5355389",5.5257338760533,-1.29897230157958
"SRR5355390",5.74062316400191,-1.409638576604
"SRR5355400",6.13865201455733,-1.80465572366821
"SRR5355401",5.57429926377913,-1.39023297319518
"SRR5355408",6.0897032497563,-1.77332823763
"SRR5355411",5.08428852540633,-1.43226283083068
"SRR5355414",4.26115100366255,-0.667302303410639
"SRR5355417",5.91699950677535,-1.79013865480529
"SRR5355429",5.77535693627974,-1.36415379533874
"SRR5355431",5.19979660493514,-1.48182051668273
"SRR5355437",5.21816294175765,-1.41303556451904
"SRR5355440",5.69396035653731,-1.23383420000183
"SRR5355445",1.46065007430693,-3.60969965944396
"SRR5355448",5.46567671281477,-1.61843340883361
"SRR5355449",5.74016301614424,-1.33451693544494
"SRR5355453",4.60940973741194,0.865207857989202
"SRR5355454",5.59678475839278,-1.43440406808959
"SRR5355456",5.7922441242375,-1.75025623331176
"SRR5355457",5.50566546899458,-1.4098290730487
"SRR5355458",3.94275491220137,0.167005486391912
"SRR5355459",5.39413135034224,-1.4072233963977
"SRR5355461",5.06647770387312,-1.31669157037841
"SRR5355462",4.86933057290694,0.187454409502874
"SRR5355463",3.98116605264327,-0.347967558003534
"SRR5355465",4.1810871837773,0.16647011747254
"SRR5355466",5.31979076844832,-1.47728388795959
"SRR5355467",5.24971907121321,-1.35254900941955
"SRR5355470",5.70230238420149,-1.69349687585937
"SRR5355473",4.68317406160017,-1.20299070367919
"SRR5355474",3.51598148328444,-0.148015909291376
"SRR5355475",5.49512760621687,-1.41144268999206
"SRR5355478",3.53135197145125,-1.50059454927551
"SRR5355480",5.93250100595137,-1.81826775560485
"SRR5355481",5.81605594140669,-1.73581665048705
"SRR5355483",5.66872899514815,-1.65632718095886
"SRR5355485",6.19094245416304,-1.81530015955078
"SRR5355486",6.2518560169377,-1.89061515817748
"SRR5355487",6.30441300851485,-1.95269911775695
"SRR5355488",6.34294192773482,-1.99520748148071
"SRR5355489",5.88102929574629,-1.697325162984
"SRR5355490",5.15514914971968,0.166722960375677
"SRR5355491",5.62269370538374,-1.31936805734741
"SRR5355492",6.16209619027754,-1.73130195627319
"SRR5355495",5.5017134426274,-1.32247155199157
"SRR5355496",6.26070945245406,-1.89463918695556
"SRR5355497",5.5481628654637,-1.2411119271289
"SRR5355498",5.6101369140782,-1.5462672043811
"SRR5355499",4.00971477014205,0.0539549063671931
"SRR5355500",6.17187087518355,-1.75624912271606
"SRR5355501",5.48603980523726,-1.20034592638122
"SRR5355503",5.60075752717635,-1.26877944955932
"SRR5355504",6.16537587625166,-1.79697936067687
"SRR5355507",5.98827521783492,-1.69710939416992
"SRR5355508",5.79160897714278,-1.73734848985778
"SRR5355510",6.20939128381392,-1.79508274088012
"SRR5355511",6.27096717340132,-1.94758623132812
"SRR5355512",6.1397487400212,-1.78822701463806
"SRR5355513",6.28607003671309,-1.93715827951538
"SRR5355514",5.51450602990767,-1.08714502344238
"SRR5355515",5.27036015969893,1.12279624452485
"SRR5355516",6.2734247921147,-1.88237636575805
"SRR5355517",6.05091302377364,-1.82003705988037
"SRR5355518",6.26821677667281,-1.81563370714294
"SRR5355520",5.62004535180708,-1.17877762804138
"SRR5355521",5.82094161492964,-1.74916904459106
"SRR5355522",6.23014371377608,-1.82703989038574
"SRR5355523",6.22023169976851,-1.83050888071166
"SRR5355524",5.58149211389205,-1.28259199152099
"SRR5355528",5.90430324060103,-1.71538084039794
"SRR5355529",4.9789821384587,0.212000436686407
"SRR5355530",5.76658074838301,-1.48077576646911
"SRR5355531",5.52186911088606,-0.938777618504633
"SRR5355533",6.2966386554875,-1.94244187364684
"SRR5355534",5.3363856552281,-0.986540012456049
"SRR5355535",6.05774276239058,-1.75618117342101
"SRR5355537",5.90220754129073,-1.60346477518188
"SRR5355538",6.32043664437911,-1.95246499071227
"SRR5355540",6.10540120584151,-1.74679487238037
"SRR5355541",4.62530391198775,-1.14653342256652
"SRR5355542",4.73804872018477,-1.08732479105102
"SRR5355543",4.51756184083601,0.657747931383978
"SRR5355544",6.13477771264693,-1.77310436258422
"SRR5355545",5.53198330384871,-1.31221097002136
"SRR5355546",6.05680148584029,-1.75472014436828
"SRR5355547",5.63613097650191,-1.16343920717346
"SRR5355548",5.72514264566084,-1.56343501100646
"SRR5355550",5.73976438027998,-1.3596524525653
"SRR5355554",6.24269454461714,-1.86179488191711
"SRR5355556",5.74614636880538,-1.5167056847583
"SRR5355558",5.75152127725264,-1.45009701738464
"SRR5355559",5.83540933114668,-1.84143226633178
"SRR5355560",6.20431678277632,-1.78086941728698
"SRR5355561",6.16353194696089,-1.80529993066894
"SRR5355563",5.63319509011885,-1.17342060098754
"SRR5355567",6.13251082879683,-1.81939499864684
"SRR5355568",5.87531344873091,-1.54103391656982
"SRR5355569",5.66511051637312,-1.2480847168933
"SRR5355570",6.08878629190108,-1.70289342889892
"SRR5355571",6.24933450204512,-1.85824172983276
"SRR5355572",6.23772876245162,-1.93067734727966
"SRR5355573",5.59510962945601,-1.279596023656
"SRR5355575",6.19486682397505,-1.77855914125549
"SRR5355576",5.46460120660445,1.1736048530568
"SRR5355578",6.26601331216475,-1.88365118990051
"SRR5355579",5.78000371438643,-1.59868543634521
"SRR5355580",5.40288178903243,1.34703893175019
"SRR5355581",6.20896356088301,0.848260946177374
"SRR5355582",4.58339755517622,1.29658658018006
"SRR5355587",6.12730281335494,1.01978666295899
"SRR5355588",5.85396401864668,-0.377469234562983
"SRR5355589",5.15701382142684,1.18449944963349
"SRR5355591",4.74598257524153,0.986430532835852
"SRR5355592",6.12280528527876,1.00378436555756
"SRR5355593",6.15780799371382,0.894917316340338
"SRR5355594",6.17429845315596,0.919913954638372
"SRR5355596",5.96738736611983,1.18540299644364
"SRR5355598",6.04603450280806,0.197563238047491
"SRR5355599",4.81205241662642,1.33561057557953
"SRR5355601",4.68255488855025,1.26531929483307
"SRR5355602",4.16676442605635,1.05090618839158
"SRR5355603",4.4034034488835,1.77473316302193
"SRR5355604",5.98696153146407,0.657138652705084
"SRR5355605",5.7272674320378,1.3004855584134
"SRR5355606",4.67141263467452,1.30368507614029
"SRR5355610",5.95765702706954,1.17211092224015
"SRR5355611",5.03236954194685,1.35259927024735
"SRR5355613",5.42842643243453,1.40022060980691
"SRR5355614",5.62917916757246,1.25769896020783
"SRR5355615",5.09961335641524,1.41991827597512
"SRR5355616",5.70056383592268,1.31070364227189
"SRR5355617",5.05293171388289,1.50394157280816
"SRR5355618",4.32261221391341,1.29164076557053
"SRR5355619",6.0524946926274,1.07521129360093
"SRR5355622",5.96423690301558,0.60877866258515
"SRR5355623",5.76069800836226,1.27559883108033
"SRR5355624",4.79407041055342,1.71422971000565
"SRR5355625",6.0524570224919,0.145841665171514
"SRR5355627",5.56275455934187,1.38365346898926
"SRR5355628",5.49807708245894,1.32287991752518
"SRR5355629",4.42259566766402,1.6413761000861
"SRR5355630",4.2665454624333,1.27038592805756
"SRR5355633",6.16627519113204,0.87323076238526
"SRR5355634",6.08099334222456,1.08582449664963
"SRR5355635",4.16952626687666,1.27116025199784
"SRR5355636",5.75162713510176,1.26862663736237
"SRR5355638",4.27873556596419,1.73896390905274
"SRR5355639",5.60299460870406,1.29231125821961
"SRR5355644",5.279910492722,1.27273083438767
"SRR5355645",6.11788766366621,0.406859464548956
"SRR5355646",5.99960105401656,-0.021360330678095
"SRR5355647",4.59732310754439,1.30301565637482
"SRR5355648",4.83474342805525,1.15797252168549
"SRR5355649",4.31587641221663,1.83078820591463
"SRR5355652",6.09165971261641,1.13835210313691
"SRR5355653",4.99968354684493,1.49282736291779
"SRR5355656",6.17665450555464,0.904835290812384
"SRR5355657",5.58849709016463,1.34147632827653
"SRR5355658",6.12779014093062,0.984296746157537
"SRR5355659",4.87435953599593,1.25611091365708
"SRR5355660",5.26012461167952,1.45816437115563
"SRR5355661",5.21590154153487,1.33629370441331
"SRR5355662",6.06200664025923,1.05485851278199
"SRR5355664",4.93869845849654,1.19758302678956
"SRR5355665",5.47112648469588,1.4012864898671
"SRR5355666",5.13284366113326,1.32236046304597
"SRR5355667",4.61303489190718,1.35498691310776
"SRR5355668",4.61246530992171,0.988931841753851
"SRR5355669",5.74419562799117,1.25364310254944
"SRR5355670",6.13750379068038,0.730990714930426
"SRR5355671",5.73133246881148,1.32448662032975
"SRR5355674",5.52397148591658,1.29910875072373
"SRR5355675",5.07133882028243,1.50397733559502
"SRR5355676",6.13807790261885,0.445391721629034
"SRR5355677",6.12291591149947,0.986583120726477
"SRR5355678",6.05758492929121,0.402157611750494
"SRR5355679",4.67324917298934,1.14751578082932
"SRR5355680",5.65612523538252,-0.569915227986445
"SRR5355681",6.1763469455876,0.731566495798956
"SRR5355682",4.90970818978926,1.23584759940995
"SRR5355683",4.24694268685957,1.31992072572602
"SRR5355684",5.51269619447371,1.24483991374863
"SRR5355685",6.06010549050948,0.743205852412115
"SRR5355687",4.33446042520186,1.62219855894936
"SRR5355688",4.92066352349898,1.5445314120282
"SRR5355689",5.94290988427779,0.670644946001898
"SRR5355690",5.01892607194563,1.5633049379815
"SRR5355691",5.97010819894454,0.0400716732968196
"SRR5355692",4.83479468804976,1.64664620866669
"SRR5355693",5.28317849618575,1.41064203491105
"SRR5355694",6.06665389520308,0.344028420351873
"SRR5355695",4.85960452539107,1.61473635544671
"SRR5355696",6.08857552987715,1.02119500150574
"SRR5355698",4.41418855172774,1.80989018788231
"SRR5355699",5.74554173928877,-0.389089994526972
"SRR5355700",4.79278414231917,1.28444505443467
"SRR5355701",6.00662295800826,1.13064343442811
"SRR5355702",4.22656242829939,1.79608686228884
"SRR5355703",5.91156642419478,1.19418210496796
"SRR5355704",5.92821519357344,-0.111436061955561
"SRR5355705",4.94648377877852,1.26718426456345
"SRR5355706",4.7361683128514,1.69336185564889
"SRR5355707",5.68958680612227,0.868261165522467
"SRR5355708",4.3120674369969,1.04621154775513
"SRR5355709",5.5977496383824,1.31199008932007
"SRR5355710",6.11230103952071,0.330720372103582
"SRR5355712",5.65273849946639,-0.505627327061762
"SRR5355713",4.26840584260603,1.82955321630133
"SRR5355714",5.95994489175459,0.0295013855923518
"SRR5355715",5.10957353097579,1.31757605781449
"SRR5355716",5.91741816980025,1.18757218828095
"SRR5355718",4.23442380410811,1.11583626975907
"SRR5355719",4.92336957437178,1.27472234477891
"SRR5355720",6.03457229119917,0.44694525709046
"SRR5355721",4.7430931804814,1.16493166198624
"SRR5355723",4.38437693101546,1.76055647393359
"SRR5355724",4.52379457933089,1.74782422890557
"SRR5355725",4.9603521106877,1.42740163912667
"SRR5355726",6.02654902917525,0.596335000895391
"SRR5355727",5.09645621759078,1.57772768249405
"SRR5355730",5.00448362809798,1.60939154734505
"SRR5355731",5.20975415689131,1.43518907537354
"SRR5355732",4.83554856759688,1.11856812944306
"SRR5355733",5.94186608773848,0.54868025293244
"SRR5355734",5.88709228021285,-0.0212885666857854
"SRR5355736",4.31240837556502,1.79274936725987
"SRR5355737",5.88156096917769,1.22767204751862
"SRR5355739",5.96054284555098,0.606624312304388
"SRR5355740",6.16741673928877,0.867929644488226
"SRR5355741",5.8912111995854,1.24045360793961
"SRR5355742",5.15028302652022,1.42595059385193
"SRR5355743",5.89041964990279,1.25328243484391
"SRR5355744",5.10784857255599,1.46439183463944
"SRR5355745",5.92078320962569,0.587693400286566
"SRR5355746",5.25246708375594,1.42072392215623
"SRR5355748",4.24500672799727,1.30681688299073
"SRR5355749",6.12148253900191,0.322008676432501
"SRR5355750",5.69088785630843,1.27353972902192
"SRR5355751",4.32120387536665,1.25163633336915
"SRR5355752",4.89661567193648,1.57727698197259
"SRR5355753",4.44599335176131,1.10509289016617
"SRR5355754",6.11928575021407,0.887982971571813
"SRR5355756",6.08423583490035,1.01004404535187
"SRR5355758",4.34913914186141,1.809540032946
"SRR5355759",4.35842673761031,1.70756598522557
"SRR5355761",4.81792275888106,1.60535076966179
"SRR5355762",5.90051906091353,0.644706554316412
"SRR5355763",4.68782083970686,1.68100353290928
"SRR5355764",6.09804313165328,0.516624874972235
"SRR5355765",5.24169628602644,1.42842138519181
"SRR5355767",4.86092989427229,1.2238853048314
"SRR5355768",6.11134116632124,0.415564007662664
"SRR5355769",6.04102246743819,0.475221700571905
"SRR5355770",5.54214303475996,1.34448445548905
"SRR5355771",5.13503735047957,1.36138636579407
"SRR5355869",2.57058017236372,-3.52407496461975
"SRR5355870",1.25649027806899,-2.98477643022644
"SRR5355871",1.2044396279492,-2.44387238512145
"SRR5355872",3.64414839727065,-3.26498263368713
"SRR5355873",3.64426701051375,-3.13900607118713
"SRR5355874",3.17093389016768,-3.44312279710876
"SRR5355875",3.55991249066969,-3.18013899812805
"SRR5355876",3.17728083116194,-3.46388190279113
"SRR5355878",3.29799096566817,-3.39694016466247
"SRR5355880",1.83386049700161,-4.42472546587097
"SRR5355881",2.96678810102126,-3.50525181779968
"SRR5355882",3.43614308816573,-3.1410474110614
"SRR5355883",3.28412692529341,-2.72104590425598
"SRR5355884",2.09392585140845,-2.72341578493225
"SRR5355886",3.58998970967909,-3.10914748201477
"SRR5355887",5.93243043405196,-1.91846340189086
"SRR5355888",3.96613924485823,-2.71659892091857
"SRR5355889",2.86812202912947,-2.71089356432067
"SRR5355890",1.34345849138876,-3.78943150529968
"SRR5355891",1.75089435932418,-3.4343275357257
"SRR5355892",2.19581167680403,-4.23994582185852
"SRR5355893",2.3937491057553,-5.47504132280456
"SRR5355894",1.33358393890044,-2.53869812975036
"SRR5355895",2.55047570449492,-2.70145314226257
"SRR5355896",3.39757745248457,-3.10701697359191
"SRR5355897",1.25190530997893,-3.52927392015563
"SRR5355898",3.54638640863081,-3.25286667833435
"SRR5355899",2.92872540933272,-3.74832003603088
"SRR5355901",2.54388802034041,-3.27179091463195
"SRR5355904",1.42632891518256,-3.74528162965881
"SRR5355905",3.82684795838973,-2.78298705110656
"SRR5355907",5.62925331575057,-0.465130977727045
"SRR5355908",1.93579983991763,-4.35574381837951
"SRR5355909",1.2008995888867,-2.89395182619201
"SRR5355910",1.69729831350228,-3.10774939546691
"SRR5355911",1.68901502249023,-3.0302805233966
"SRR5355912",1.53920957726618,-4.03072922716247
"SRR5355913",3.06189362985274,-4.16223233232604
"SRR5355914",2.30793105346343,-2.96774714479553
"SRR5355915",2.65078829509398,-3.41226904878723
"SRR5355916",-1.7238999130092,2.5821040343274
"SRR5355918",1.14984403831145,-2.98893445024597
"SRR5355919",2.65778677446028,-1.10000722894775
"SRR5355920",1.43821929675719,-2.94507210741149
"SRR5355921",1.90273453575751,-2.58937542924987
"SRR5355923",1.97362907511374,-2.05174534807311
"SRR5355925",2.55766503793379,-2.82206767091857
"SRR5355926",5.12580935937544,-1.55239599237548
"SRR5355927",5.81396834832808,-1.87464159021484
"SRR5355928",3.7177801607289,-2.98073857317077
"SRR5355929",3.38558225614211,-3.29573195467102
"SRR5355930",2.18972184044501,-2.64373105058776
"SRR5355931",3.64264612180373,-3.26703684816467
"SRR5355933",1.6313397092857,-3.37628739366638
"SRR5355935",1.45912052971503,-1.79237430582153
"SRR5355936",1.4051324008145,-2.8684152890216
"SRR5355937",3.54536812287947,-1.68818967828857
"SRR5355938",2.24174683076521,-2.71815627107727
"SRR5355939",1.21473090631148,-3.43082707414733
"SRR5355940",1.81473982614657,-4.40059988985168
"SRR5355941",2.76143877488753,-3.01705735216247
"SRR5355942",1.29673637730261,-2.91735594759094
"SRR5355943",1.72739542928716,-3.39894764909851
"SRR5355944",2.69763450605055,-3.38876193056213
"SRR5355945",2.79168670159956,-3.43022482881652
"SRR5355946",2.55382786971709,-2.66601222047912
"SRR5355947",3.59014921170851,-3.07586234102355
"SRR5355948",2.14081554395339,-2.48999445924865
"SRR5355949",3.43091814500472,-2.86568778047668
"SRR5355950",1.23866875750205,-2.81145852098571
"SRR5355951",2.47630380374571,-3.3308963109027
"SRR5355953",2.52338110191008,-1.63257020006286
"SRR5355954",1.62748988998314,-3.45362799654113
"SRR5355955",1.78100591433426,-3.15669386873352
"SRR5355956",3.21112160665175,-3.74419491777526
"SRR5355957",5.19457976800581,-1.44733446130859
"SRR5355958",1.23703216296813,-2.84074204454528
"SRR5355961",2.91721897107741,-2.59090321550476
"SRR5355962",1.86796127540251,-3.12515490541564
"SRR5355963",3.95664350968977,-1.53454416284667
"SRR5355964",3.14782838803908,-1.96409814844238
"SRR5355965",2.5777186630406,-3.72187464723693
"SRR5355966",2.5029119132199,-3.49321072588073
"SRR5355967",1.65418948513648,-3.51316540727722
"SRR5355968",2.3637089012303,-2.82551329622375
"SRR5355972",2.92280952912947,-2.11795514116394
"SRR5355973",3.07277493459364,-4.0715607930194
"SRR5355974",3.39503221494338,-3.08863680849182
"SRR5355975",3.30033175927779,-0.249182396031489
"SRR5355979",2.7846312997975,-2.69515269289123
"SRR5355981",2.35533581954619,-5.03484337816345
"SRR5355985",2.23645644170424,-3.07710640916931
"SRR5355986",1.35156174284598,-2.89328854570495
"SRR5355987",1.94947845024249,-3.47062104234802
"SRR5355992",2.03739266378066,-4.80871432314025
"SRR5355993",-1.66383917349199,2.43513507356537
"SRR5355997",2.68983941060683,-2.99609940538513
"SRR5355999",3.10638253671309,-3.28364699373352
"SRR5356003",4.1751524685063,0.484713859461676
"SRR5356007",2.83231906873366,-4.31134312639343
"SRR5356009",2.74232523423811,-4.37090104112731
"SRR5356010",1.82610536647221,-4.08969395647155
"SRR5356012",2.93819110376021,-4.02608387956726
"SRR5356013",2.20238139015814,-3.82116072664367
"SRR5356016",2.61045883876463,-4.22205012331115
"SRR5356018",3.63786928636214,-3.11348526964294
"SRR5356022",3.9975356338658,-0.821942501164545
"SRR5356023",0.86448811275145,-2.39352839479553
"SRR5356025",2.83118860704085,-4.8582777310382
"SRR5356026",3.0987718580403,-3.40084641466247
"SRR5356027",2.37488113624236,-2.1779765416156
"SRR5356028",2.65497635585448,-4.44259160051452
"SRR5356029",2.02508445364615,-3.50721209535705
"SRR5356030",3.58745138627669,-3.24174206743347
"SRR5356031",-1.48230583685258,1.55334759464158
"SRR5356032",2.76528983098647,-2.45071738252746
"SRR5356033",2.29220406991621,-2.89952176103698
"SRR5356034",1.83069949132582,-4.6375221539508
"SRR5356035",1.94285846037051,-4.49105875978576
"SRR5356036",2.47553442699095,-2.5405287076007
"SRR5356037",1.7537428280451,-4.09292643556701
"SRR5356039",2.46351264697691,-3.74694674501525
"SRR5356040",2.13002397400519,-4.54506199846374
"SRR5356041",1.82127349359175,-4.84781306276428
"SRR5356042",1.33847953659674,-3.19918864259826
"SRR5356043",2.28794907313963,-2.20950882921325
"SRR5356044",2.89075736982008,-4.36128514299499
"SRR5356045",2.747852730576,-3.90638201723205
"SRR5356047",2.59620009643218,-4.73877947816955
"SRR5356048",1.75918593165657,-2.05232899675476
"SRR5356049",1.35459833127638,-3.12460177431213
"SRR5356050",3.32464234811446,-3.84174960146057
"SRR5356051",5.62860743981978,-0.557338886357416
"SRR5356052",1.23872266990324,-2.63992922792541
"SRR5356053",-1.69572837370256,2.83788681735886
"SRR5356054",2.17976443750044,-2.66132300386535
"SRR5356055",2.60231583100935,-1.50316184053527
"SRR5356056",1.31046884042403,-3.09568207750427
"SRR5356058",2.14608194214484,-3.49575655946838
"SRR5356059",5.23859684449812,-1.34815018663513
"SRR5356060",3.14992432576796,-4.10176604280578
"SRR5356063",2.79216794950148,-4.15278809557067
"SRR5356064",5.65741150361678,-0.523956709004511
"SRR5356065",1.37861152273795,-3.89805739412414
"SRR5356066",3.39674787503859,0.240210838221441
"SRR5356067",1.6408494440951,-4.06454031953918
"SRR5356070",3.67460541707655,-0.82033579835998
"SRR5356071",4.27071492654463,1.82314412256373
"SRR5356075",1.54099297804018,-3.28908579835998
"SRR5356078",5.63620583993575,-0.546613388157953
"SRR5356080",2.70952521545073,-5.04245465288269
"SRR5356081",3.1229976890721,-4.03055232057678
"SRR5356083",4.34498803598067,1.8008021559347
"SRR5356084",2.04206483346602,-2.46305029878723
"SRR5356085",2.58084158879897,-3.4925231266986
"SRR5356086",2.27735238057753,-3.61131709108459
"SRR5356087",1.80939618033549,-3.74865191469299
"SRR5356088",2.78833751660964,-3.57224839220153
"SRR5356089",2.4896694896855,-5.13885634431945
"SRR5356091",2.41042070371291,-5.09970038423644
"SRR5356092",2.85847847444197,-4.4530591298114
"SRR5356093",2.27473168355605,-2.73220866212951
"SRR5356094",3.03874616605422,-5.32803528795349
"SRR5356095",2.62966494542738,-4.3781170178424
"SRR5356098",1.47290300113341,-3.34795897493469
"SRR5356101",4.18185679895064,1.33085954894913
"SRR5356102",3.10656111222884,-2.99435513506042
"SRR5356103",4.83563010675093,1.63667228033436
"SRR5356104",1.84116526228568,-3.45561163911926
"SRR5356105",2.98903982621809,-5.18908207903015
"SRR5356106",3.17811660749098,-4.01485102663146
"SRR5356107",1.33363871556899,-3.14009612093078
"SRR5356108",4.39904777986189,1.51917485108269
"SRR5356109",2.2690656660237,-4.45249121675598
"SRR5356111",2.16821222287795,-1.19848363885986
"SRR5356112",1.91247803253314,-4.3405718136798
"SRR5356113",2.57204465848586,-4.45888846407043
"SRR5356114",2.78695206624648,-5.49072640428649
"SRR5356116",3.06214039308211,-3.72933857927429
"SRR5356117",2.52236120683333,-4.78145258913146
"SRR5356118",2.02217878681799,-2.4853791523944
"SRR5356119",3.01785497647902,-4.01445620546447
"SRR5356120",4.19481055719038,1.22764766921891
"SRR5356121",3.2302792547383,-0.74894850740539
"SRR5356122",5.61434643251082,-0.581094675160517
"SRR5356123",1.94829106611392,-3.61613219270812
"SRR5356124",2.22435926181456,-3.80744641313659
"SRR5356126",2.56055520755431,-4.77666275987731
"SRR5356128",2.91756086331984,-3.05737965593444
"SRR5356130",2.14017625433585,-4.19930403719055
"SRR5356131",-1.36747415083269,2.10669944395913
"SRR5356132",2.77615861875197,-5.09835045824157
"SRR5356133",5.87707202417037,-1.52825754175292
"SRR5356134",2.63943212014815,-2.67987626085388
"SRR5356135",1.4074269710221,-3.8271292973529
"SRR5356136",3.91948049050948,0.14684588422669
"SRR5356137",5.6675841091313,-0.561336689091791
"SRR5356138",2.97653048020979,-4.17589753160583
"SRR5356139",6.06679933053633,0.324037499331365
"SRR5356140",2.80363707524916,-5.20775692949401
"SRR5356141",4.55840055925032,-1.87322657594787
"SRR5356142",5.18962376100203,1.12998826017274
"SRR5356143",2.95575027448317,-3.35218804369079
"SRR5356144",3.08896248323103,-3.79129784593688
"SRR5356145",2.89564197045943,-4.3291258145343
"SRR5356146",-1.35086662786821,2.72398192396058
"SRR5356147",1.84464057070395,-4.28811781892883
"SRR5356148",2.56996654254576,-4.18241255769836
"SRR5356149",2.40804522020003,-2.47070162782775
"SRR5356150",1.91738070828101,-4.19397156725036
"SRR5356153",2.84703283292433,-4.14655488023864
"SRR5356154",2.47605209333083,-5.0865549374591
"SRR5356155",2.6196321724095,-5.05124180803405
